title,
Ukraine: Angry Zelensky vows to punish Russian atrocities,
War in Ukraine: Taking cover in a town under attack,
Ukraine war 'catastrophic for global food',
Manchester Arena bombing: Saffie Roussos's parents on hearing the truth,
Ukraine conflict: Oil price soars to highest level since 2008,
Ukraine war: PM to hold talks with world leaders on further sanctions,
Ukraine war: UK grants 50 Ukrainian refugee visas so far,
TikTok limits services as Netflix pulls out of Russia,
"Covid: Fourth jab for Scotland's vulnerable, and testing wind down fears in Wales",
Protests across Russia see thousands detained,
Ukraine conflict: Your guide to understanding day 11,
Russian gymnast investigated for wearing pro-war symbol on podium next to Ukrainian,
"Ukraine: With placards and tears, Poles are greeting refugees like family",
Twitter is part of our war effort - Ukraine minister,
Ukraine invasion: Volunteers 'working on autopilot',
Ukraine crisis: The West fights back against Putin the disruptor,
"Mariupol: Fires, no water, and bodies in the street",
The young Ukrainians battling pro-Russian trolls,
Ukraine maps: New agreed ceasefire breaks down in south,
Five ways the Ukraine war could push up prices,
Ukraine: 'We try to tell them the truth' - parenting in wartime,
War in Ukraine: Russian helicopter shot down by missile,
European peace seems as fragile as ever,
"War in Ukraine: Russians on boycotts, sanctions and cancellations",
"Ukraine war: 'My city's being shelled, but mum won’t believe me'",
Nuclear plant: How close was nuclear plant attack to catastrophe?,
Ukraine war: Why Kherson and Mariupol are key to Russian success,
The Papers: 'Running for their lives' as terror 'rains down',
Ukraine invasion: Military couple marry on the frontline,
Ukraine invasion: The children with cancer fleeing war at home,
'They thought he was too young for heart disease',
Zeebrugge: 'You had to cling on for your dear life',
Belfast: The sounds of the city during Covid lockdowns,
Mandibuloacral dysplasia: 'You feel guilty not wanting her to get older',
Man in dinghy in near miss with Southampton-bound container ship,
Why doesn't Ukraine attack the Russian convoy? And other questions,
The sophisticated tech predicting if an advert will work,
Roman fort survey near Melrose aims to unveil more secrets,
Russia oligarchs: The mega-rich men facing global sanctions,
"From Grozny to Aleppo to Ukraine, Russia meets resistance with more firepower",
Jane Campion: Power of the Dog director thrilled with her Hollywood comeback,
BBC Ukrainian editor: 'My mother called to say she'd managed to buy bread',
War in Ukraine: Russian invasion fuels Finnish support for Nato,
Identity: What does it mean to be Welsh?,
Why Indian fathers are embracing paternity leave,
'Either they're not good enough or they don't care' - pundits react to Man Utd's derby display,
England bowler Robinson ruled out of first Test with back injury,
Who's got his club buzzing again? - Garth's Team of the Week,
Welsh Open: Joe Perry beats Judd Trump to win title,
GB ski pairings win two more Paralympic bronzes,
'Man City prove a point to anyone who doubted them' - MOTD2 analysis,
Covid-19 in the UK: How many coronavirus cases are there in my area?,
What are the UK's 'Living with Covid' plans?,
Covid: Five things we still need to keep an eye on,
Covid boosters: Who will get a fourth dose?,
What are the latest rules for face coverings and masks?,
Covid: How to look after yourself at home,
"Covid map: Coronavirus cases, deaths, vaccinations by country",
What are the self-isolation rules in England and the rest of the UK?,
When will free Covid tests end in England?,
What Covid tests do I still need to travel abroad?,
How will the vulnerable be protected from Covid? And other questions,
Ukraine conflict: Oil price soars to highest level since 2008,
One dead after Scottish trawler capsizes off Norway,
Ukraine: Irish medical student 'blocking out dangers' in Sumy,
Northumberland shooting star caught on one-in-million photo,
One dead after Scottish trawler capsizes off Norway,
Ukraine invasion: Military couple marry on the front line,
Ukraine conflict: Oil and gas prices soar as shares plunge,
Ukraine war: PM to hold talks with world leaders on further sanctions,
One dead after Scottish trawler capsizes off Norway,
Shane Warne: Australian cricket legend died from natural causes - police,
'Phil Foden sets the tempo' - how Man City 'steamrollered' Man Utd,
Women's World Cup: Bates stars as New Zealand thrash Bangladesh,
Ukraine conflict: Shares slide as oil and gas prices soar,
Ukraine war: PM to hold talks with world leaders on further sanctions,
One dead after Scottish trawler capsizes off Norway,
Shane Warne: Australian cricket legend died from natural causes - police,
Russian gymnast Ivan Kuliak investigated for wearing pro-war symbol on podium next to Ukrainian,
A small Ukrainian city becomes a waypoint for thousands on the move,
How many refugees have fled Ukraine and where are they going?,
Ukraine: Irish medical student 'blocking out dangers' in Sumy,
Ukraine: India doctor stranded with a jaguar and panther,
WSL highlights: Arsenal survive scare to beat Birmingham and extend WSL lead,
Blue and yellow flowers as Queen meets Trudeau,
Ukraine conflict: Petrol at fresh record as oil and gas prices soar,
Lynda Baron: Open All Hours actress dies aged 82,
Ed Sheeran denies Shape of You copyright claim at High Court trial,
Dizzee Rascal: Grime artist guilty of assaulting former partner,
Ukraine war: PM holds talks with Canadian and Dutch PMs over more sanctions,
One dead after trawler which sailed from Peterhead capsizes off Norway,
Baby killed in suspected dog attack at Ostler's Plantation,
Scans reveal how Covid may change the brain,
Corrie Mckeague would binge-drink after friend's death - inquest,
Chaos and tears as thousands try to catch a train out of Ukraine,
"Ukraine maps: Ukraine says Russian ceasefire offer ""immoral""",
How many refugees have fled Ukraine and where are they going?,
Five ways the Ukraine war could push up prices,
Ukraine: Irish student makes fresh escape attempt,
Economic Crime Bill: What is it and will it find Putin's loot?,
Doctors call on Wales not to pick Francis following head injury against England,
Henderson back in Ireland squad to face England but Larmour out for rest of Six Nations,
"Six Nations 2022: Gray, Hastings, Young & Thompson added to Scotland squad",
"'If you have it, flaunt it' - West Indies icon Richards at 70 talks cricket style, friendship with Lord Botham and standing up to racism",
Russian gymnast investigated for wearing pro-war symbol,
"Warne died from natural causes, Thai police say",
"War in Ukraine: 'It's hell, it's really hell' - Families flee bombs in Irpin",
Ukraine: Volodymyr Zelensky to address UK MPs in Commons,
Blue and yellow flowers as Queen meets Trudeau,
Ukraine conflict: Petrol at fresh record as oil and gas prices soar,
Lynda Baron: Open All Hours and Come Outside actress dies aged 82,
Ukraine war: Boris Johnson defends refugee response after visa criticism,
Dizzee Rascal: Grime artist guilty of assaulting former partner,
Ed Sheeran denies Shape of You copyright claim at High Court trial,
McDonald's and Coca-Cola boycott calls grow over Russia,
Ukraine war: PM calls for 'step-by-step' move from Russian fuel,
"Iowa tornadoes: Seven people killed, including two children",
Ukraine conflict: Your guide to understanding day 12,
Why has 'Z' become a Russian pro-war symbol?,
Ukraine war: Chernobyl workers' 12-day ordeal under Russian guard,
Ukrainians on way to UK hit paperwork dead-end in Calais,
How many refugees have fled Ukraine and where are they going?,
Family separated by war in Ukraine finally reunited,
Servant of the People: 'Zelensky's comedy made me admire him more',
Ukraine: Irish student makes fresh escape attempt,
"Mercedes bullying led to Masi's removal as F1 race director, says Red Bull's Horner",
Man Utd players want manager clarity amid uncertainty,
Lynagh withdraws from England squad after positive Covid-19 test,
Covid-19 in the UK: How many coronavirus cases are there in my area?,
War in Ukraine: Russia says it may cut gas supplies if oil ban goes ahead,
Ukraine: Volodymyr Zelensky to address UK MPs in Commons,
"Ukraine war: 300 Ukrainians get visas via new scheme, says UK",
Cost of living: Warning UK faces biggest income squeeze in nearly 50 years,
Government rescue of Bulb Energy set to cost taxpayers billions more,
"Amazon rainforest reaching tipping point, researchers say",
War in Ukraine: Crisis is unleashing 'hell on earth' for food prices,
Public sexual harassment: PM urged to ‘step up’ on women’s safety,
"Covid vaccines not linked to deaths, major US study finds",
War in Ukraine: Five times Russians have stood up for Ukraine,
War in Ukraine: World Bank approves $723m financial package,
McDonald's and Coca-Cola boycott calls grow over Russia,
"Chaos, upheaval and exhaustion for Ukraine's disabled children",
Ukraine invasion: False claims the war is a hoax go viral,
The Papers: Putin's 'cynical' refugee offer and UK urged to help,
War in Ukraine: Live-streaming music from a Kharkiv basement,
Vera Wang: I find ageism so old-fashioned,
"Turning Red: Killing Eve's Sandra Oh on celebrating Pixar, puberty and periods",
Ukraine: Documenting the war on TikTok,
Ukraine: Irish student makes fresh escape attempt,
Femicide detectives: 'Counting bodies is the best place to start',
Why misogyny is at the heart of South Korea's presidential elections,
I've cut out energy drinks now mum's given me a kidney,
Can tech help revive India's 'crumbling' health system?,
Ukraine: Small and big ways in which people in the UK are helping out,
Scotland's World Cup play-off against Ukraine postponed,
Angel City FC: Eni Aluko on working for the Los Angeles franchise,
Zverev given suspended eight-week ban for striking umpire's chair,
'I'm very energised to take this team forward' - Root feels he is still right man to lead England,
International Women's Day: How Chelsea 'changed the game' in women's football,
War in Ukraine: Russia says it may cut gas supplies if oil ban goes ahead,
Ukraine war: UK can and will do more for refugees - minister,
"Covid: Vaccines not linked to deaths, says study, and brain changes after virus",
Shane Warne: Do liquid diets work and are they safe?,
"Fury's future plans, AJ's new coach and Khan's rematch ambition - Fight Talk",
Healy helps Australia beat Pakistan at World Cup,
War in Ukraine: West hits Russia with oil bans and gas curbs,
War in Ukraine: Troops dig in near Kyiv,
Ros Atkins on… The UK’s refugee response,
"War in Ukraine: McDonald’s, Coca-Cola and Starbucks halt Russian sales",
War in Ukraine: Warning oil sanctions will further hit UK living costs,
Ukraine: Volodymyr Zelensky invokes Winston Churchill as he appeals to MPs,
Ukraine: Ministers can now detain Russian planes in UK,
Ukrainian actor Pasha Lee killed in Russian bombardment,
Almost two million pupils regularly missing school,
Stool tests might help spot early pancreatic cancer,
Online Safety Bill tweaked to target scam ads,
Prince Andrew pays settlement ending sex assault case,
Vamps star tells of liposuction body-image pressure,
'We are not co-operating': Life in occupied Ukraine,
Ukraine war: How reliant is the world on Russia for oil and gas?,
Ukraine: Family escapes Kharkiv to Poland to treat daughter's cancer,
Ukraine: Are arms shipments from the West making a difference?,
Ukraine: Mother of Russian soldier asks 'Whose door should I knock on to get my child back?',
Clive Myrie: The Ukrainians I met are not about to give up,
The Papers: Zelensky channels Churchill and US-UK oil ban,
In full: Ukrainian President Zelensky's message to UK,
Zelensky's moments: From TV star to wartime leader,
CEO Secrets: Drone boss Henri Seydoux shares his advice,
Ukraine: Frozen stars send messages of support to girl singing Let It Go,
Ukraine: Travel curfew halts Irish student's escape attempt,
Ukraine: Trauma surgeon teaches medics over Zoom,
War in Ukraine: President Zelensky posts video from office in Kyiv,
Ukraine: Does the Home Office need to get a grip?,
Private military firms see demand in Ukraine war,
Russia-Ukraine: Is internet on verge of break-up?,
Ukraine crisis: Is the UK doing enough to help refugees?,
Zimbabwe clinics struggle for nurses after exodus to the UK,
What is going on with the partygate probe?,
Sloppy England shocked by Windies at World Cup,
"Liverpool deserve quarter-final spot despite 'slapstick' finishing in loss to Inter, says Klopp",
Bairstow ton rescues England against West Indies,
Lewandowski scores earliest Champions League hat-trick as Bayern hit seven,
Andy Murray pledges to donate prize money to help children in Ukraine,
World Cup 2022: Wales' play-off with Austria to go ahead in March,
Women's World Cup: Deandra Dottin takes sensational catch against England to dismiss Winfield-Hill,
Russia could launch chemical attack in Ukraine - White House,
Ukraine ambassador calls for UK to end 'bureaucratic red tape' for refugees,
War in Ukraine: Oil prices plunge as UAE supports supply boost,
"Ukraine-Russia war: The era of complacency is over, says Liz Truss",
Ukraine: Private militias recruiting former soldiers,
IMF approves $1.4bn emergency funds for Ukraine,
"Use Russian money to rebuild Ukraine, says bank chief",
"Chancellor faces tough calls over households' income hit, says IFS",
Faulty drainage work blamed for fatal Stonehaven derailment,
Toddler tossed to safety from burning building,
US Border Patrol finds dozens of snakes and reptiles in man's outfit,
Djokovic pulls out of US events over Covid rules,
Real Madrid 3-1 Paris St-Germain (3-2 agg): Karim Benzema hat-trick inspires superb Real fightback,
The Russians using emojis to evade censors,
Ukraine war: Children of the Soviet era running from Russia,
Ros Atkins on... food price rises and the Ukraine war,
Ukraine war: UK Home Office is in crisis mode over visas,
Ukraine conflict: Your guide to understanding day 14,
The Papers: 'Barbaric' children's hospital bombing 'a new low',
Dolly Parton partners with James Patterson for first novel,
Encanto director invites glasses 'hero' schoolgirl Lowri to Baftas,
Endurance: Underwater robots find Shackleton's lost ship,
Halifax Acapulco club sells off sticky carpet,
The Capitol riot trial that tore a family apart,
Fact-checking PM's claim about refugees,
Israel's Bennett plays peacemaker in Ukraine-Russia war,
Winter Paralympics: 'I chose to have my leg amputated after years of pain',
Drought robs Amazon communities of 'life-giving' river,
Kidney donor: I call my remaining one Home Alone Kevin,
The Marvellous Neil Baldwin is back to make us feel better,
England in West Indies: Tourists bowlers blunted on attritional second day in Antigua,
'It's a team award' - Woods gives emotional speech in Hall of Fame induction,
Women share stories of running in public and their safety concerns,
Mazepin & father added to list of wealthy Russians sanctioned by EU,
Man City comfortably into Champions League last eight with draw,
"'A crazy experience' - Liverpool's Harvey Elliott on injury, recovery and Champions League history",
On the front line of the battle for Kharkiv,
Ukraine war: Large Russian convoy redeploys near Kyiv - satellite images,
Ukraine war: People can welcome refugees into own homes - PM,
Ukraine conflict: Growing numbers of firms pull back from Russia,
Twitter blocks Russian claims on hospital attack,
War in Ukraine: Facebook to allow calls for violence against Putin,
Jussie Smollett sentenced to 150 days in jail in attack hoax case,
"N Korea tested long-range missiles, says US",
Ukraine war: Roman Abramovich sanctioned by UK,
Fans chant Abramovich's name at Chelsea win,
Covid deaths probably three times higher than records say,
UK Covid inquiry draft terms of reference set out,
"Covid pandemic fuels deepening education inequalities in England, say MPs",
"Watch: Our correspondent on the front line, with Ukraine’s troops",
Ukraine war: Images reveal scale of destruction in Mariupol,
"Ukraine war: 'I have 20 children here, please send help'",
"What is a war crime, and could Putin be prosecuted over Ukraine?",
War in Ukraine: A family's 'torturous' UK visa chase,
Ukraine: What sanctions are being imposed on Russia?,
Ukraine: What happened on day 15 of Russia's invasion,
Ukraine war: Column of Russian tanks ambushed by Ukrainian forces,
WATCH: Disposal experts defuse unexploded bomb in Ukraine,
Roman Abramovich: What do Russian owner's sanctions mean for Chelsea?,
What is a thermobaric or vacuum bomb?,
The Papers: 'Roman empire falls' and 'hotline to host refugees',
Quiz of the week: Who helped Dolly write a novel?,
'I just don't think we're being listened to',
Russia-Ukraine war: Foreign fighters go to join defence,
Ukraine war: Indian students on the trauma of escaping,
UK boy donates teddy bear to Ukrainian child,
Classic Queen cover art for A Day at the Races sells for £28k,
Gracie Spinks: Receipt could have traced killer - family,
Climate change: Can the Russian energy crisis help to curb global heating?,
Does your boss really care what you think?,
Timbuktu manuscripts: Mali's ancient documents captured online,
Ukraine war: How reliant is the world on Russia for oil and gas?,
"'As long as we have enough shirts and a bus, we'll be there' - Chelsea bosses vow to carry on",
England toil as Bonner hits century to put West Indies on top,
Commanding Rangers take big step towards Europa League quarter-finals,
Formula 1 testing: Red Bull unhappy with Mercedes upgrade in Bahrain,
Chelsea: Thomas Tuchel has faith in those in charge of club's future,
Chelsea thrash West Ham at end of 'difficult day' for club,
Ukraine war: Kyiv prepares for Russian attack,
"Battle for Mykolaiv: 'We are winning this fight, but not this war'",
Ukraine war: Ukrainians mourn their fallen soldiers,
Roman Abramovich: Chelsea have credit card facilities temporarily suspended,
The race is on for affordable energy for the UK's homes and businesses,
Fears funeral plan reforms could mean thousands lose money,
Disney apologises for 'silence' on 'Don't Say Gay' bill,
Transgender children: Texas plan to probe parents halted,
France keep Six Nations Grand Slam dream alive,
England in West Indies: Zak Crawley hits hundred as tourists dominate day four in Antigua,
Queen pulls out of attending Commonwealth Service,
UK sanctions 386 Russian MPs over Ukraine invasion,
Covid infections rising again across UK - ONS,
"Under threat of Russian bombs, Lviv hides away its priceless heritage",
War in Ukraine: How Russia is recruiting mercenaries,
Ukraine war: Fact-checking Russia's biological weapons claims,
Ukraine: Spam website set up to reach millions of Russians,
What sanctions are being imposed on Russia over Ukraine invasion?,
Mariupol hospital attack: Pregnant woman hurt in bombing gives birth,
Ukraine: What happened on day 16 of Russia's invasion,
Ukraine: Thousands of vulnerable children unaccounted for,
Will Nato get involved if dirty bombs are used in Ukraine? And other questions,
Watch: Our correspondent goes into no-man's land with the Ukrainian army,
Which companies are pulling out of Russia?,
Roman Abramovich: What do Russian owner's sanctions mean for Chelsea?,
The Papers: Kyiv faces siege and UK under fire over refugees,
Intimate image abuse: His confession protected him,
Building a bigger home for the British Library collection,
The friends who explore abandoned buildings,
Week in pictures: 5-11 March 2022,
'Young people may have 10-plus careers in their lifetime',
British Pie Awards: Gluten-free pie crowned winner,
Mystery drone from Ukraine war crashes in Croatia,
Mark Kermode and Simon Mayo are ending their 5 Live film show,
Jussie Smollett: A complete timeline from actor's 2019 arrest to jail time,
Honduran authorities burn eight tonnes of cocaine,
UK visas for Ukrainian refugees: 'We don't deserve such an attitude',
Pregnancy loss: 'I just don't think we're being listened to',
Martin Compston: From a school corridor to stardom,
'Reselling PlayStations keeps a roof over my head',
Farming Wales: The farmer making vodka from sheep milk,
Australia floods: 'I'm angry it's happening again',
Ukraine: How China is censoring online discussion of the war,
The Ukrainian sisters separated by war,
Covid-19 in the UK: How many coronavirus cases are there in my area?,
‘It was a nightmare in that place’,
Cost of living: What Tory MPs want from Rishi Sunak,
Raducanu into Indian Wells third round with win over Garcia,
Murray beats Daniel at Indian Wells for 700th ATP win,
Winter Paralympics: Britain's Menna Fitzpatrick finishes fourth in slalom,
Six Nations: 'Ireland will demand new level from new England',
Six Nations: France edge past Wales to keep Grand Slam hopes alive,
Women's World Cup: 'Sensational!' - Matthews takes brilliant catch to remove Sharma,
Six Nations: Dan Biggar kept Wales in the game against France - Martin Johnson,
Ukraine war: Evacuations 'extremely difficult' amid shelling,
Ukraine war: UK households offered £350 a month for hosting refugees,
Roman Abramovich: Rabbi investigated over Portuguese citizenship,
Sarah Everard: Protesters demand 'radical change' to Met Police,
Scotland and Wales bid to be refugee super sponsors,
Brexit: Micheál Martin and Boris Johnson discuss NI Protocol,
England in West Indies: Spirited tourists have to settle for draw in first Test,
Ukraine war: Protests after Russians 'abduct' Melitopol mayor,
Boss accused of defrauding blind workers' pensions,
Saudi Arabia executes 81 men in one day,
Body of missing hillwalker found in Glen Coe,
Rod Stewart fixes potholes near his Harlow home,
Manchester United 3-2 Tottenham Hotspur: Cristiano Ronaldo scores hat-trick in thriller,
War in Ukraine: 'No one wants to die' - meeting Ukraine's teenage soldiers,
Russia faces brain drain as thousands flee abroad,
Russia sanctions: How the measures have changed daily life,
Ukraine maps: At-a-glance guide to the Russia war,
Ukraine: 'Not all Russians support this war',
The Papers: £350 a month refugee plan and plea to help orphans,
Your pictures on the theme of 'urban landscape',
The first sex worker strike: 'We are just women and mothers',
Ukraine war: Pictures of war intensifying in third week,
Console 'scalper' on stockpiling PlayStations for profit,
Will Russia's attack on Ukraine help thaw US-Venezuela relations?,
Indian evacuee: The kindness of Ukrainians saved my life,
Xenotransplantation: Are pigs the future of organ transplants?,
Bafta Awards 2022: Stars prepare to return to in-person ceremony,
"'Without TikTok, I'd still be a wedding singer'",
PGI status: Could Welsh leeks become the new Cornish pasty?,
Isak Munda: The Orissa labourer who became a YouTube star,
Ronaldo says there 'are no limits for Man Utd' - but has his hat-trick broken a world record?,
Michael Conlan reveals he is OK after Leigh Wood retains world title with brutal knockout,
"West Indies draw a huge step forward, says England captain Root",
How England's 14 men whipped up Twickenham crowd with stirring display,
'Salah must decide if he wants icon status - or money' - will Liverpool forward stay at Anfield?,
MOTD analysis: How 'sensational' Cristiano Ronaldo dominated Tottenham Hotspur,
Six Nations highlights: Ireland beat England to keep alive Six Nations hopes,
Ukraine crisis: US warns China against helping Russia,
Ukraine war: 21 children flown to UK for cancer treatment,
Bafta Film Awards: Benedict Cumberbatch's The Power of the Dog wins top prize,
William Hurt: Oscar-winning actor and Marvel star dies at 71,
Tom Brady: NFL great makes retirement U-turn after just six weeks,
Ukraine war: UK refugee scheme set to launch,
Brent Renaud: US journalist and filmmaker killed in Ukraine,
Hong Kong: Briton accused of jeopardising China's security,
"No-one raised security concerns over Lord Lebedev with me, says Michael Gove",
Irbil attack: Iran launches missiles at northern Iraqi city,
Chelsea 1-0 Newcastle United: Kai Havertz's late goal gives hosts three points,
Unions warn of job losses if rail firms close ticket offices,
Rod Stewart: Videos prompts pothole DIY repair warning,
Zhytomyr: Aerial attacks hit city that is corridor to Kyiv,
Ukraine war: Zelensky visits wounded Ukrainian soldiers,
How to spot false posts from Ukraine,
Ukraine war: Five times refugees were met with kindness,
Poland feels the strain of Ukraine's refugees,
War in Ukraine: What happened on day 18 of Russia's invasion,
Why I want to share my home with a Ukrainian refugee,
War in Ukraine: Uni to uniform - Ukraine's new teenage army recruits,
Newspaper headlines: 'War at Nato's door' as Putin has 'West in sights',
Baftas 2022: Seven highlights - from the jokes to the dresses,
The Syrian women replacing men as leaders,
Brent Renaud: Friend of US journalist killed in Ukraine speaks to BBC,
Northumberland farm welcomes five-legged lamb,
Reproductive coercion: 'I wasn't allowed to take my pill',
British food: How traditional firms are faring under pressure,
'I thought I had Covid but it was terminal lung cancer',
The innovative surfing tech making waves,
Deep listening: I realised we all share the same human feelings,
Rosacea: 'Your skin doesn't define you',
The Muslim women learning to ride a bike in their 40s,
'No doubt I'll stay until end of season' - Tuchel pledges future as Chelsea taking things 'day by day',
'So emotional for me' - Ukraine's Yarmolenko scores as West Ham beat Aston Villa,
"Garth Crooks' Team of the Week: Ronaldo, Diaz, Eriksen, Yarmolenko, Rudiger",
Matt Dawson column: England’s Ireland loss is gold dust for World Cup,
Women's World Cup: Watch bizarre Nat Sciver dismissal for England against South Africa,
MOTD2 analysis: Could Patrick Bamford be the difference for Leeds United?,
Ukraine war: Editor interrupts Russian TV news show,
Homes for Ukraine refugee scheme launches in UK,
Ukraine war: West made 'terrible mistake' after Crimea - PM,
Roman Abramovich: New evidence highlights corrupt deals,
NHS struggling with 'long tail' of pandemic mental ill health,
Ukraine war: Pub dedicated to Hemingway destroyed in Kharkiv,
Scotland's decision day for easing final Covid rules,
Russia-Ukraine war: British Fox News journalist injured,
Putin changes law on leased jets to keep them flying,
Ukraine: Eight arrests at oligarch's London mansion after balcony protest,
China: Businesses shut as officials widen Covid lockdowns,
Outdoor civil weddings and partnerships here to stay,
Cheltenham Festival 2022: What to watch out for at four-day meeting,
Ukraine war: A baby born under bombardment in Bucha,
"Ukraine war: Kyiv terrain will slow Russian troops, say Ukraine generals",
How to sponsor Ukrainian refugees and offer them a UK home,
War in Ukraine: What happened on day 19 of Russia's invasion,
Mass graves in Ukraine: Battered cities are digging makeshift burial sites,
WATCH: Residents rescued after Kyiv apartment block strike,
Ukraine war: Drone shots show Mariupol devastated by fighting,
Newspaper headlines: 'Rush to take in Ukrainians' and 'you're Putin us up mate',
March 4 Justice: Has anything changed for Australian women?,
Science and tech: The app founder inspiring kids,
How barista training opens doors for refugees,
'Double tap' attacks in Yemen's civil war,
Baftas 2022: Encanto director takes glasses campaigner to London ceremony,
Hamilton to change name to include mother's surname,
"Inflation: Sports bras in, doughnuts out of cost of living measure",
Northern Lights: Powerful aurora borealis display above Scotland,
Ukraine war: Silent streets in wiped out Donetsk town,
Behind the scenes on the nearly-ready Crossrail project,
The popular apps aiming to tame the chaos of family life,
Ukraine war: Fears Russian aggression could spill into Poland,
Covid: Generation of musicians 'devastated' by restrictions,
War in Ukraine: Why Vladimir Putin couldn't have trained fighters in Africa,
Ukraine conflict: What military and economic support could China offer Russia?,
Chelsea & Roman Abramovich: Is this a moment of reckoning for English football ownership?,
Cancer: 'I thought I had Covid but it was terminal lung cancer',
How many refugees have fled Ukraine and where are they going?,
Australian Smith holds off England's Casey to win Players Championship and $3.6m,
"Better to be in our position than Liverpool's, says Man City's Silva",
Nadal beats GB's Evans at Indian Wells to continue unbeaten run,
Celtic ease by Dundee Utd into Scottish Cup last four,
Palace hold wasteful Man City to draw,
Women's World Cup: Perry & Gardner star as clinical Australia beat Windies,
Ukraine war: European leaders risk train ride to meet Zelensky,
Boris Johnson to visit Saudi Arabia in bid to ditch Russian oil,
Ukraine war: Two women in Kyiv tower blocks record their new life under siege,
The Western brands unable to leave Russia,
Met Police apologises for strip-search of Hackney schoolgirl,
"New Zealand border to reopen from next month, PM Ardern says",
The tragedy of Afghanistan's malnourished children,
"Nazanin Zaghari-Ratcliffe has UK passport returned, MP says",
Church of England pressures TotalEnergies over Russia business,
"North Korea fires missile but launch fails, says South",
Heathrow Airport drops Covid face mask rules,
Royal Society of Chemistry report says racism 'pervasive',
Government overseen years of decline in NHS - MPs,
Pregnant women should be asked how much they drink,
Ukraine: Putin will search for a way to save face,
Ukraine's wartime rail chief has to be faster than the Russians tracking him,
War in Ukraine: What happened on day 20 of Russia's invasion,
Ukraine war: Could Russia use tactical nuclear weapons?,
Nigerian volunteer: 'Fighting in Ukraine is better than living here',
Ukraine war: Infection and hunger as hundreds hide in Mariupol cellar,
Ukraine UK refugee hosting scheme: Mum-of-four opens home to refugees,
Ukraine war: Protester exposes cracks in Kremlin's war message,
Ukraine war: One shell that destroyed a family,
What sanctions are being imposed on Russia over Ukraine invasion?,
Newspaper headlines: Zelensky's 'Nato concession' as Putin 'turns to Plan C',
Ukraine: The volunteers racing aid from the UK to the front line,
Stormzy tour review: Star praises fans who waited two years to see him,
Ukraine refugees: Bringing my mother to the UK,
Marina Ovsyannikova: TV protest 'was my own decision',
NYC's Met opera house hosts concert in support of Ukraine,
"Watkins, Duran & defensive errors - Emery's four tactical dilemmas",
When Alistair Brownlee helped brother Jonny over finish line,
CCTV shows Harshita Brella and husband near lake,
Son of IRA murder victim calls Disney drama 'horrendous',
Police warn against road travel during Storm Bert,
'Being stalked was worse than being held at gunpoint',
Putin says Russia will use new missile again in 'combat conditions',
Woman wins civil rape case against Conor McGregor,
Parents 'devastated' over British woman's death in suspected Laos poisoning,
Two detained over Gatwick Airport 'suspect package',
"Storm Bert heads to UK with heavy rain, wind and snow",
King accepts flowers for Queen who misses Royal Variety over illness,
Farming tax row - BBC Verify on which figures are more reliable and why,
People smugglers who promoted Tripadvisor-style video reviews convicted,
Spain fines budget airlines $179m and wants ban on hand luggage charges,
Trump nominates Scott Bessent to lead US Treasury,
EasyJet passengers film Iceland volcano lava from above,
No 10 indicates Netanyahu faces arrest if he enters UK,
Charged £720 to have a key cut - soaring bills drive leaseholders to breaking point,
What is methanol and how does it affect the body?,
The Papers: 'Business blames budget' and 'UK economy takes hit',
"The rise of Pam Bondi,  longtime Trump ally who is new  pick for attorney general",
Everything we know about Russia's Oreshnik missile,
Will China step up if Trump takes a step back on climate change?,
BBC visits mpox clinic as WHO says DR Congo cases 'plateauing',
"Jailed cancer charity thief ordered to pay back rest of £95,000 she defrauded",
Allison Pearson says she felt 'bullied' in police probe,
COP29 overruns as poor countries seethe over climate cash,
Dutch police find gnome made of MDMA during drug bust,
Gordon Brown declares opposition to assisted dying,
Family say Harshita Brella will not be forgotten,
"Sara Sharif’s dad is in eternal hell, jury told",
"The Week: Ukraine, Israel and John Prescott reflections",
'Dreamer' Amorim 'right guy' to revive Man Utd,
'I will be here' - Guardiola's relegation promise to Man City,
World champions South Africa lie in wait for Wales ,
I want England to be brave with the ball - Borthwick,
Vardy best England striker of his generation - Maresca,
'Chaos for Australia!' Hosts collapse to 67-7 against India,
Bomb disposal unit at bus station after 'alert',
Woman wins civil rape case against Conor McGregor,
Storm Bert amber snow warning extended in Scotland,
'Gutted for the girls' as claims grow against football star ,
"No 'red lines' in Ukraine support, French foreign minister tells BBC",
Man dies after tree falls on car as Storm Bert sweeps UK,
'Refused service yet again with my guide dog - I'm done speaking out',
Your pictures of Storm Bert from around the UK,
'Are we not humans?': Anger in Beirut as massive Israeli strike kills 20,
Murray to coach Djokovic at Australian Open,
"'Trust and reserve judgement' on rebrand, says Jaguar after backlash",
Mystery drones seen over three US air bases in UK,
UK wants to hire EU negotiator to 'reset' relations,
Kayaker's leg amputated in middle of river after 20-hour rescue,
Israel investigates as Hamas says female hostage killed,
China's huge sinkholes reveal hidden treasures as viral videos draw tourists,
The Papers: 'Two thirds back assisted dying' and 'Putin ready to cripple Britain',
A toxic staffing row is splitting the NHS,
Free shots and beer buckets in party town at centre of suspected methanol deaths,
Will Rachel Reeves' difficult week cause her lasting damage?,
"Lava, letters and a loch: Photos of the week",
"I am going to be proud one day, says teen after struggle with mental health system",
Watch: Snowy Saturday as Storm Bert sweeps the UK,
Murder arrest after man shot dead in Birmingham,
Flat caps galore at Tommy Shelby lookalike contest,
Irish justice minister praises 'bravery' of woman in Conor McGregor rape case,
Kate Nash says her OnlyFans will earn more than her tour,
John the cat gets stuck in drainpipe,
The Assisted Dying Debate: Ex-PM Gordon Brown Intervenes,
'In eight years we never lived like this' - what is wrong at Man City?,
Wales coach Gatland to learn fate in coming days,
Why 'extra special' Nwaneri has to remain patient,
"'Time for Scotland to deliver result, not moments'",
Kane scores hat-trick to break Bundesliga record,
Murray to coach Djokovic at Australian Open,
Murder arrest after man shot dead in Birmingham,
Homes flooded and travel disrupted by Storm Bert,
Flood fears as Storm Bert heads into second day,
Storm Bert brings landslide and 82mph gusts,
"Storm Bert floods 'absolutely devastating', says Welsh FM",
'Don't drink the spirits': Laos backpackers avoid shots after suspected poisonings,
British man captured while fighting with Ukraine,
"Young people who refuse to work to lose benefits, says minister",
"In stifled sobs and fierce accusations, family falls apart at mass rape trial",
Expelled the same day: Ireland hardens illegal immigration response,
Adele doesn't know when she'll perform again after tearful Vegas goodbye,
Huge deal struck but is it enough? 5 takeaways from a dramatic COP29,
Irish prime minister apologises for walking away from care worker,
Wicked opening set to be biggest for Broadway film,
'I can't say what my face will do in two hours',
"Feel free to sing in the cinema, says The Rock",
'Refused service yet again with my guide dog - I'm done speaking out',
Your pictures on the theme of 'autumn walks' ,
'We knew Christmas before you' - the Band Aid fallout ,
"Martin Lewis meets deepfake scam victim who lost £76,000",
Burning old TVs to survive: The toxic trade in electrical waste,
Perfume boss captured on video admitting he ignored Russia sanctions,
India's 'rebel' Muslim princess who shot tigers and drove a Rolls-Royce,
Lauren Laverne given 'all clear' following cancer diagnosis,
"Huge COP29 climate deal too little too late, poorer nations say",
Dozens killed in Pakistan sectarian violence,
South Korean man dodged draft by binge eating,
"Assisted dying bill about right to choose, says minister",
"Rabbi who went missing in UAE was murdered, Israel says",
Verstappen wins title as Russell triumphs in Vegas,
"Will Labour’s Plan For Work, Work?",
'Now give Mo his dough' - Liverpool can't let Salah leave Anfield,
'We will suffer for a long period' - why there is no quick fix at Man Utd,
England are in a very good place - George,
Why Verstappen's 'almost flawless' season is 'towering achievement',
Humphries beats Littler to win Players Championship,
Why Leicester acted quickly to end Cooper reign,
Scotland 'found a way to win' against Australia,
Storm Bert causes widespread rail disruption,
Clean up begins after Storm Bert floods,
Queensferry Crossing ice closure a 'safety first' decision,
Anger as Storm Bert leaves trail of destruction,
Two Britons among 16 missing after Red Sea tourist boat sinks,
More rain forecast after Storm Bert hits UK ,
Emergency crews tackle flood waters in rescue operations,
Judge dismisses special counsel's election case against Trump,
Reeves tells firms no more tax rises as she defends Budget,
Gangsters block aid distribution in south Gaza,
Man arrested after eight-year-old girl shot in car,
"I'm not surprised some voters want election re-run, says Starmer after petition",
Prosecutors demand 20-year jail sentence for husband in mass rape trial,
"Israel and Lebanon close to ceasefire deal, Israeli officials say",
"I had good intentions, says Letby safeguarding boss who failed to raise concerns",
"We were ready to leave climate summit, negotiator tells BBC",
Barbara Taylor Bradford: An author of substance,
"The Papers:  'No more tax rises, insists Reeves' and 'PM in jobs push'",
‘I had no idea being a social drinker would damage my liver by 31’,
Menendez brothers' resentencing hearing delayed until January,
How service charges in flats spiralled out of control,
Elton John album on hold because he 'can't see',
"People should intervene if they see women at risk of spiking, minister urges",
Malaysia government told to return seized LGBT watches,
£1.25 a night Welsh tourism tax may start in 2027,
Angela Merkel defends ties with Russia and blocking Ukraine from Nato,
Davina McCall says 'it's nice to be home' after brain surgery,
Trump's 'border tsar' vows to cut funding to 'sanctuary' states,
Pakistan police clash with Imran Khan supporters heading to Islamabad,
"Reeves My Lips, No New Taxes (On Business)",
Angela Merkel on Putin’s dog and Trump’s handshake,
Bethell to bat at three on England Test debut,
Root 'a rung below' Smith and Kohli - Lehmann,
General Motors agrees deal to enter F1 in 2026,
'A huge result' - could West Ham win at Newcastle be turning point for Lopetegui?,
'As open as it has ever been' - is this the tightest Premier League?,
Salah selfish for contract comments - Carragher,
Man admits murdering 'defenceless' woman in front of friends,
Parents question 'flawed' Garda canal death probe,
Supreme Court to hear case on definition of a woman,
Rugby club devastated by Storm Bert had no insurance,
What we know about Israel-Hezbollah ceasefire deal,
"Israel-Hezbollah ceasefire designed to be permanent, says Biden",
Israeli anger at 'irresponsible and hasty' ceasefire,
Questions over Hezbollah's future after ceasefire,
"CCTV shows autistic pupils pushed, pinned to walls and sitting in vomit",
Mother of child hidden in drawer from birth jailed,
"Vauxhall owner to close Luton factory, putting 1,100 jobs at risk",
Five survivors found day after Red Sea tourist boat sinking,
MPs back plans for phased smoking ban,
'Hardest decision of my career': MPs wrestle with assisted dying choice,
UK winner of EuroMillions scoops £177m jackpot,
UK military join hunt for drones near US airbases,
One of the US's most wanted men arrested in Wales,
Storm Conall to bring more rain to parts of England and Wales,
"Harshita Brella's husband was arrested before, says police watchdog",
Trump proves he is serious on tariffs - but it's not about trade,
The Papers: Electric car 'chaos' and Israel-Hezbollah ceasefire,
Watch: How big is the problem of people not working?,
"What is Baller League? Why are KSI, Lineker & Terry involved?",
Russian deserter reveals war secrets of guarding nuclear base,
Mum's tribute to 'beautiful' daughter who died on M5,
Man arrested over tractor drive through floods,
No 10 denies Russian claims that expelled UK diplomat was a spy,
Sharp rise in bathing sites rated unfit for swimming,
New Mauritius PM has reservations about UK's Chagos deal,
Black Friday shoppers warned to be wary of deals,
Climbing inside a Kelpie's head ,
"Trump, tariffs and trade wars",
Angela Merkel on Putin’s dog and Trump’s handshake,
"'Fragile, frail & weak' - Man City's defensive woes continue",
Zhang makes maximum 147 break at UK Championship,
'We know what we're doing' - Stokes on Bethell,
Fans have a right to express how they feel - Guardiola reacts to boos,
"Rapper Slowthai raped women after gig, court told",
Remains exhumed from cemetery in Disappeared search,
Hospitals inquiry families say safety fears remain,
'I spent my wedding night gambling away our money',
Police investigate more people over Al Fayed abuse,
"Jeremy Bowen: The Lebanon ceasefire is a respite, not a solution for the Middle East",
Bomb threats made against Trump cabinet nominees,
Lucy Letby's dad 'made threats' in meetings with hospital CEO,
MPs to debate petition calling for another election,
Lyse Doucet: Nowhere else on Earth are so many children fleeing war,
"Liz Hatton, teen photographer who inspired Kate, dies aged 17",
Israel to appeal against ICC warrants for Netanyahu and Gallant,
Ex-PM David Cameron backs assisted dying bill ,
"Mum told partner 'I'm sick of you hitting me' before suicide, manslaughter trial hears",
Man arrested after secret filming of women shared on TikTok,
Fans fume over Jason Donovan Rocky Horror no-show,
Israelis survey damage and mull return to north as ceasefire begins,
Displaced Lebanese head for homes as fragile truce appears to hold,
What we know about Israel-Hezbollah deal,
The conflict in maps: Ceasefire in effect in Lebanon,
'You can't wipe out Billingsgate Fish Market overnight',
The Papers:  'Tories failed on migration' and 'cops target Al Fayed network',
Diver describes rescuing nephew from capsized Egypt boat ,
Why India's latest Sun mission finding is crucial for the world,
'I found out I lost my Vauxhall job on WhatsApp',
Protest arrests after seven detained over links to Kurdish rebel group PKK,
Missing hiker found alive after more than five weeks in wilderness,
Storm Conall brings more rain as it passes over UK,
Lib Dem leader Ed Davey in bid for Christmas No 1,
Watch highlights from Mishal Husain's career as she leaves BBC,
The Israel-Hezbollah Ceasefire,
Angela Merkel on Putin’s dog and Trump’s handshake,
'Something special brewing at Slot's remarkable Liverpool',
Van Nistelrooy set to be appointed Leicester boss,
England punish sloppy South Africa to seal T20 series,
Relentless Liverpool beat Real Madrid in thriller,
"Rapper's friend raped woman at party, court hears",
Flights cancelled amid yellow weather warning,
Car speed limits could be cut but raised for HGVs,
Fears misinformation behind drop in contraception,
Gregg Wallace 'fascinated by my sex life and made lesbian jokes',
Kirsty Wark: Gregg Wallace used sexualised language and ‘people were uncomfortable’,
Starmer says migration 'off the scale' after record high last year,
"Hope, fear, faith and love: Four people on why assisted dying vote matters",
Transport secretary pleaded guilty to 2014 work phone incident,
Man who spied for Russia in UK 'discussed killing journalist',
Ceasefire largely holds but Israelis near Lebanon border have their doubts,
Families return to destruction in southern Lebanon,
Daniel Khalife was a British soldier who spied for Iran and dreamed of fame,
Putin threatens Kyiv decision-makers after striking energy grid,
All Scottish pensioners to get winter fuel payment,
"Baby remains were newborn girl, police say",
Assisted dying bill: What is in proposed law?,
'Hardest decision of my career': MPs wrestle with vote choice,
Last-minute lobbying ahead of major assisted dying vote,
How assisted dying has spread across the world and how laws differ,
"Israel building new military dividing line across Gaza, satellite images suggest",
How the Republic of Ireland will elect its next parliament,
'I sold my house to man on FBI's most wanted list',
Net migration numbers are down - how have the rules changed?,
Black Friday: How to spot a deal and not get ripped off,
"Missed opportunity to stop Lucy Letby, medical boss says",
Paris's Gothic jewel Notre-Dame to reopen five years after fire,
Romania orders election recount after TikTok bias claims,
Typhoo Tea falls into administration as sales slide,
Police given misconduct notices over girl's M5 death,
"Widow, 92, dines at castle each week for 37 years",
Jay Slater's family stop donations on fundraiser,
Starmer's Migration Mission,
The Assisted Dying Debate,
Amorim enjoys 'special' first Man Utd win despite 'anxiety',
Verstappen 'should start doing comedy' - Norris,
Lions deny Bears on Thanksgiving for 10th straight win,
'Missed opportunity' to stop Letby - medical boss,
Voters to take to the polls in Irish general election,
All Scottish pensioners to get winter fuel payment,
Price of tattoos 'will rise' as new safety rules begin,
MPs back bill to allow assisted dying after emotional debate,
Assisted dying bill: Find out how your MP voted,
"Gargoyles, stained glass and the spire: How Notre-Dame was restored",
Rupert Grint to pay £1.8m after losing tax battle,
"Millions to see mortgage costs rise, says Bank",
"'I watched porn morning, noon and night'",
Police hunt killer of young mother killed in e-bike hit and run,
"Tight three-way race in Irish general election, RTÉ exit poll suggests",
Syrian rebels take control in parts of Aleppo - reports,
Met Police apologises to honeytrap victims over email,
Man jailed for murdering brother-in-law in shooting spree,
Buckingham Palace curtains in your home for Christmas?,
"Chris Mason: A momentous day, whatever happens next",
Watch: The personal stories told in the Commons,
How the proposed law would work and who it would apply to,
Bill must pass many hurdles before it becomes law,
'It's part of my DNA': Charli XCX and the fight to save club culture,
Trump top spy pick faces fresh scrutiny over Syria visit and Russia comments,
Ukraine fights to keep the lights on as Russia hammers power plants,
Chris Mason: Louise Haigh's swift resignation prompts questions,
Weekly quiz: Which box office spell did Wicked break?,
'I got quick cash in my account but it was too good to be true',
Letby boss admits 'crass' letter to babies' families,
Mauritius asks for review of Chagos Islands deal with UK,
Janey Godley begins 'final tour' before funeral,
Van Nistelrooy named Leicester City manager,
Inside the £4m mansion Jurgen Klopp called home,
Gregg Wallace was 'fascinated by my sex life and made lesbian jokes',
MPs Vote in Favour of Assisted Dying,
The Trump Trials... Cases Closed?,
'Scots did not show best but can raise bar in Finland',
'Maybe it's destiny' - Amorim on Man Utd job & coaching philosophy,
What to expect from new Leicester boss Van Nistelrooy,
Hamilton says he is 'definitely not fast any more',
Ditcheva first British woman to win MMA world title as Loughnane beaten,
UK's first Dignitas widow feels ‘wonderful’ after assisted dying vote,
"Tight three-way race in Irish general election, RTÉ exit poll suggests",
Could police have handled Skye shooting differently?,
Angry doctors owed thousands refuse to work,
Syrian troops withdraw from Aleppo as rebels advance,
Who are the rebels seizing control of Syria's second city?,
Family 'desperate' as British couple still missing after Red Sea sinking,
'We voted for assisted dying bill - but still have concerns',
"Kate sends emotional Christmas message of 'love, not fear'",
"Irish election 'too close to call', says taoiseach",
Spain hotel check-in delay fears as new data rules begin,
World Beekeeping Awards axe honey prize due to fraud,
"'Rigorous' law firm to lead Gregg Wallace probe, say MasterChef producers",
"Under chandeliers, Lucy Letby hospital bosses broke their silence",
Georgia president calls for new elections as protests erupt again,
'I couldn’t stop watching': Personal stories of how porn obsession takes over lives,
Bushra Bibi led a protest to free Imran Khan - what happened next is a mystery,
Thousands visit site of Hassan Nasrallah's assassination ,
Are mystery drones above US bases in England something sinister?,
'It's part of my DNA': Charli XCX and the fight to save club culture,
Terminally ill people on both sides of assisted dying debate react to vote,
Why so many games are failing right now - and why others are breakout hits,
Janey Godley funeral is colourful comedy send-off,
Food charity pauses Gaza work after staff killed in Israeli strike,
"Woman's £1,906 bill over five-minute parking rule",
Cate Blanchett 'deeply concerned' by AI impact,
Man who found smooth Mars bar gets £2 compensation,
Tributes paid to Alex Salmond at cathedral service,
Lockdown DIY linked to landfill's noxious gases,
Newscast,
The Trump Trials... Cases Closed?,
'The impact of defeat is massive' - what to look out for in Liverpool v Man City,
'Title race on' - how Odegaard & Saka are keeping Arsenal hopes alive,
Russell promoted to Qatar pole by Verstappen grid penalty,
Wiegman vowed to experiment - did USA draw show 'evolution'?,
'No emotion' for Farrell in winning Irish send-off,
Could police have handled Skye shooting differently?,
'Pixelated' mural tackles stigma of breastfeeding,
Inside the £4m mansion Jurgen Klopp called home,
Families' 15-year wait for mine deaths inquest,
Gregg Wallace accusers criticise his response to allegations,
Bowen: Syria's rebel offensive is astonishing - but don't write off Assad,
"‘Italian’ purees likely to contain Chinese forced-labour tomatoes, BBC finds",
Georgia's PM hits back as protests and resignations intensify,
Former world snooker champion Griffiths dies aged 77,
'People want nothing to do with him': How Ireland turned away from Conor McGregor,
She fled Israeli bombing four times. It still found her,
British man killed on holiday in Turkey lift-shaft incident,
Losing your mind looking at memes? The dictionary has a word for that,
Man arrested on suspicion of rape at Groucho Club,
Majority of seats declared in close Irish general election,
Serie A footballer in intensive care after collapsing on pitch,
Elton John unable to 'watch own musical' after eyesight loss,
Belgium's sex workers get maternity leave and pensions under world-first law,
'They threw her body into the ocean' - woman dies on boat headed for French island,
Forgotten street found behind a hidden library door,
'I spent 30 years as a therapist to killers - and no-one is born evil',
Blind dates to find mates: Making friends with strangers over dinner,
"'Our estate pays £9,000 a year for grass to be cut'",
Global plastic talks collapse as oil states rebel,
Homes evacuated after sinkhole opens on estate,
Snoop Dogg helps Kai Cenat reclaim Twitch subscriber record,
Woman searching for birth parents found dad was a friend on Facebook,
Mother's 'terrible journey' to bedside of British woman poisoned in Laos,
Former My Chemical Romance drummer dies aged 44,
UN suspends aid deliveries through main Gaza crossing,
Newscast,
How Liverpool mixed best of Klopp & Slot to beat Man City,
Trump beats Hawkins to win second UK Championship crown,
Verstappen has 'lost all respect' for Russell,
Former world snooker champion Griffiths dies aged 77,
'I didn't expect that at Anfield' - Guardiola on 'sacked in the morning' chants,
Who has made Troy's Premier League team of the week?,
Fiorentina's Bove in intensive care after collapse on pitch,
Holidaymaker killed in Turkey lift-shaft incident,
Scotland's Budget must not cap council tax rises - Cosla,
Students upset by sea deaths help rescue migrants,
Final seats to be filled in Irish general election,
French government teeters after PM Barnier forces through budget,
Months of political instability loom as French government nears collapse,
Gregg Wallace apologises for 'any offence caused' by middle-class women comments,
Queen Camilla to miss start of Qatari state visit after chest infection,
Ukraine’s exhausted troops in Russia told to cling on and wait for Trump,
Fianna Fáil emerges as largest party in Irish election,
Vietnamese tycoon in race to raise $9bn to avoid execution,
Covid corruption commissioner starts fraud probe,
Tragedy chanting arrests at Liverpool v Man City ,
Israel strikes Lebanon as Hezbollah targets military post,
Starmer: UK does not need to choose between US and EU,
Georgia’s moment of truth: Protesters demand Western path not Russian past,
BBC hears of horror and hunger in rare visit to Darfur massacre town,
What is happening in north-western Syria and why now?,
'I thought kidney failure meant I'd never be a mum',
"I've been treated like dung, says oldest Post Office victim",
Jacob Rees-Mogg: Ex-politician says reality show a 'calculated risk',
Should you pay more for parking if you have a big car?,
Who is new Cabinet Secretary Chris Wormald?,
"Michelin chef 'gutted' at theft of 2,500 pies",
"Huge sinkhole is still growing, council leader warns",
"Small boat crossings hit 20,000 since Labour won election",
Man jailed for murdering girlfriend he set on fire,
Neighbours' Harold Bishop actor reveals he has terminal cancer,
Australian police seize $500m of cocaine after boat breaks down,
Gregg Wallace apologises for 'middle-class women' comment,
Americanswers… on 5 Live! Why has Joe Biden pardoned his son?,
Arsenal host holders Man Utd in FA Cup third round,
'It hurt I had to leave' - Van Nistelrooy reveals Man Utd pain,
Six Nations rebrand gets mixed reception from fans,
Dundee derby & Celtic v Kilmarnock in Scottish Cup ,
Sutton's predictions v The Slow Readers Club bassist James Ryan,
Morsy did not wear rainbow armband because of 'religious beliefs',
Life term for boy who shot mum dead through door,
NHS Grampian was warned of 'intolerable risk',
"Back budget or Wales could lose £1bn, FM warns",
"Teacher's pay rise simply impossible, says minister",
'Groping' and 'touching': Fresh claims against Gregg Wallace,
Why these Israeli men volunteered to fight - but now refuse to return to Gaza,
Analysis: Israeli and Hezbollah strikes test limits of ceasefire,
King hails Qatar's peace efforts - and banquet menu revealed,
'I worry every second': Mother of only British hostage in Gaza fears for her life,
Art showcasing Scottish Sikh community wins Turner Prize,
Killer in femicide that shocked Italy sentenced to life in jail,
'Pickling a cucumber changed my life' says TikTok award winner,
Three rail firms to be renationalised next year,
British band Sports Team robbed at gunpoint on US tour,
Thomas Kingston took life after reaction to medication,
Crowds celebrate as South Korean president withdraws troops,
'It feels like a coup d'état' - martial law chaos sparks worry in South Korea,
Watch: Protesters take to the streets outside parliament,
Why has this happened now?,
Why has an additive called Bovaer sparked controversy online?,
Sharon Stone’s tearful message to her younger self,
"AI won't replace humans making games, PlayStation boss says",
Watch: How Jaguar has shifted gears with its concept car,
"Inside Aleppo: Family reunions, nervousness at rebel rule and fear of war",
Why is vintage audio equipment booming?,
"Russian spies surveilled Ukrainian troops at US base, trial hears",
"Massive Elon Musk donation news to me, says Farage",
"Top chef's 2,500 pies 'a write off' after van theft",
Stalking victims to get right to know abuser's identity,
US woman admits drink-driving in crash that killed bride on wedding day,
Migrants brought to UK from remote military island,
"Letby was face of hospital campaign, inquiry told",
Martial Law in South Korea,
Who are the rebels threatening Assad's grip on Syria?,
Scotland's golden generation miss their golden hour,
Is Clinton pushing for England start at Euro 2025?,
FIA seeks rule changes after president allegations,
Highlights: Wales make history in Dublin,
Gang jailed over £200m of cocaine in banana boxes,
Scottish Budget presents huge challenges for SNP,
Celebrations as Wales make history qualifying for Euros,
School tells Muslim girls it’s ‘not safe’ for them,