title,Unnamed: 1,emotion
Ukraine: Angry Zelensky vows to punish Russian atrocities,,anger
War in Ukraine: Taking cover in a town under attack,,neutral
Ukraine war 'catastrophic for global food',,neutral
Manchester Arena bombing: Saffie Roussos's parents on hearing the truth,,neutral
Ukraine conflict: Oil price soars to highest level since 2008,,neutral
Ukraine war: PM to hold talks with world leaders on further sanctions,,neutral
Ukraine war: UK grants 50 Ukrainian refugee visas so far,,neutral
TikTok limits services as Netflix pulls out of Russia,,neutral
"Covid: Fourth jab for Scotland's vulnerable, and testing wind down fears in Wales",,neutral
Protests across Russia see thousands detained,,neutral
Ukraine conflict: Your guide to understanding day 11,,neutral
Russian gymnast investigated for wearing pro-war symbol on podium next to Ukrainian,,neutral
"Ukraine: With placards and tears, Poles are greeting refugees like family",,neutral
Twitter is part of our war effort - Ukraine minister,,neutral
Ukraine invasion: Volunteers 'working on autopilot',,neutral
Ukraine crisis: The West fights back against Putin the disruptor,,neutral
"Mariupol: Fires, no water, and bodies in the street",,neutral
The young Ukrainians battling pro-Russian trolls,,neutral
Ukraine maps: New agreed ceasefire breaks down in south,,neutral
Five ways the Ukraine war could push up prices,,neutral
Ukraine: 'We try to tell them the truth' - parenting in wartime,,neutral
War in Ukraine: Russian helicopter shot down by missile,,sadness
European peace seems as fragile as ever,,neutral
"War in Ukraine: Russians on boycotts, sanctions and cancellations",,neutral
"Ukraine war: 'My city's being shelled, but mum won’t believe me'",,neutral
Nuclear plant: How close was nuclear plant attack to catastrophe?,,curiosity
Ukraine war: Why Kherson and Mariupol are key to Russian success,,neutral
The Papers: 'Running for their lives' as terror 'rains down',,fear
Ukraine invasion: Military couple marry on the frontline,,neutral
Ukraine invasion: The children with cancer fleeing war at home,,neutral
'They thought he was too young for heart disease',,neutral
Zeebrugge: 'You had to cling on for your dear life',,neutral
Belfast: The sounds of the city during Covid lockdowns,,neutral
Mandibuloacral dysplasia: 'You feel guilty not wanting her to get older',,remorse
Man in dinghy in near miss with Southampton-bound container ship,,neutral
Why doesn't Ukraine attack the Russian convoy? And other questions,,curiosity
The sophisticated tech predicting if an advert will work,,neutral
Roman fort survey near Melrose aims to unveil more secrets,,neutral
Russia oligarchs: The mega-rich men facing global sanctions,,neutral
"From Grozny to Aleppo to Ukraine, Russia meets resistance with more firepower",,neutral
Jane Campion: Power of the Dog director thrilled with her Hollywood comeback,,excitement
BBC Ukrainian editor: 'My mother called to say she'd managed to buy bread',,neutral
War in Ukraine: Russian invasion fuels Finnish support for Nato,,neutral
Identity: What does it mean to be Welsh?,,curiosity
Why Indian fathers are embracing paternity leave,,curiosity
'Either they're not good enough or they don't care' - pundits react to Man Utd's derby display,,neutral
England bowler Robinson ruled out of first Test with back injury,,neutral
Who's got his club buzzing again? - Garth's Team of the Week,,curiosity
Welsh Open: Joe Perry beats Judd Trump to win title,,neutral
GB ski pairings win two more Paralympic bronzes,,neutral
'Man City prove a point to anyone who doubted them' - MOTD2 analysis,,neutral
Covid-19 in the UK: How many coronavirus cases are there in my area?,,curiosity
What are the UK's 'Living with Covid' plans?,,curiosity
Covid: Five things we still need to keep an eye on,,neutral
Covid boosters: Who will get a fourth dose?,,curiosity
What are the latest rules for face coverings and masks?,,curiosity
Covid: How to look after yourself at home,,neutral
"Covid map: Coronavirus cases, deaths, vaccinations by country",,neutral
What are the self-isolation rules in England and the rest of the UK?,,curiosity
When will free Covid tests end in England?,,curiosity
What Covid tests do I still need to travel abroad?,,curiosity
How will the vulnerable be protected from Covid? And other questions,,curiosity
Ukraine conflict: Oil price soars to highest level since 2008,,neutral
One dead after Scottish trawler capsizes off Norway,,neutral
Ukraine: Irish medical student 'blocking out dangers' in Sumy,,neutral
Northumberland shooting star caught on one-in-million photo,,neutral
One dead after Scottish trawler capsizes off Norway,,neutral
Ukraine invasion: Military couple marry on the front line,,neutral
Ukraine conflict: Oil and gas prices soar as shares plunge,,neutral
Ukraine war: PM to hold talks with world leaders on further sanctions,,neutral
One dead after Scottish trawler capsizes off Norway,,neutral
Shane Warne: Australian cricket legend died from natural causes - police,,neutral
'Phil Foden sets the tempo' - how Man City 'steamrollered' Man Utd,,neutral
Women's World Cup: Bates stars as New Zealand thrash Bangladesh,,neutral
Ukraine conflict: Shares slide as oil and gas prices soar,,neutral
Ukraine war: PM to hold talks with world leaders on further sanctions,,neutral
One dead after Scottish trawler capsizes off Norway,,neutral
Shane Warne: Australian cricket legend died from natural causes - police,,neutral
Russian gymnast Ivan Kuliak investigated for wearing pro-war symbol on podium next to Ukrainian,,neutral
A small Ukrainian city becomes a waypoint for thousands on the move,,neutral
How many refugees have fled Ukraine and where are they going?,,curiosity
Ukraine: Irish medical student 'blocking out dangers' in Sumy,,neutral
Ukraine: India doctor stranded with a jaguar and panther,,neutral
WSL highlights: Arsenal survive scare to beat Birmingham and extend WSL lead,,neutral
Blue and yellow flowers as Queen meets Trudeau,,neutral
Ukraine conflict: Petrol at fresh record as oil and gas prices soar,,neutral
Lynda Baron: Open All Hours actress dies aged 82,,neutral
Ed Sheeran denies Shape of You copyright claim at High Court trial,,neutral
Dizzee Rascal: Grime artist guilty of assaulting former partner,,remorse
Ukraine war: PM holds talks with Canadian and Dutch PMs over more sanctions,,neutral
One dead after trawler which sailed from Peterhead capsizes off Norway,,neutral
Baby killed in suspected dog attack at Ostler's Plantation,,neutral
Scans reveal how Covid may change the brain,,neutral
Corrie Mckeague would binge-drink after friend's death - inquest,,neutral
Chaos and tears as thousands try to catch a train out of Ukraine,,neutral
"Ukraine maps: Ukraine says Russian ceasefire offer ""immoral""",,neutral
How many refugees have fled Ukraine and where are they going?,,curiosity
Five ways the Ukraine war could push up prices,,neutral
Ukraine: Irish student makes fresh escape attempt,,neutral
Economic Crime Bill: What is it and will it find Putin's loot?,,curiosity
Doctors call on Wales not to pick Francis following head injury against England,,neutral
Henderson back in Ireland squad to face England but Larmour out for rest of Six Nations,,neutral
"Six Nations 2022: Gray, Hastings, Young & Thompson added to Scotland squad",,neutral
"'If you have it, flaunt it' - West Indies icon Richards at 70 talks cricket style, friendship with Lord Botham and standing up to racism",,neutral
Russian gymnast investigated for wearing pro-war symbol,,neutral
"Warne died from natural causes, Thai police say",,neutral
"War in Ukraine: 'It's hell, it's really hell' - Families flee bombs in Irpin",,neutral
Ukraine: Volodymyr Zelensky to address UK MPs in Commons,,neutral
Blue and yellow flowers as Queen meets Trudeau,,neutral
Ukraine conflict: Petrol at fresh record as oil and gas prices soar,,neutral
Lynda Baron: Open All Hours and Come Outside actress dies aged 82,,neutral
Ukraine war: Boris Johnson defends refugee response after visa criticism,,neutral
Dizzee Rascal: Grime artist guilty of assaulting former partner,,remorse
Ed Sheeran denies Shape of You copyright claim at High Court trial,,neutral
McDonald's and Coca-Cola boycott calls grow over Russia,,neutral
Ukraine war: PM calls for 'step-by-step' move from Russian fuel,,neutral
"Iowa tornadoes: Seven people killed, including two children",,neutral
Ukraine conflict: Your guide to understanding day 12,,neutral
Why has 'Z' become a Russian pro-war symbol?,,curiosity
Ukraine war: Chernobyl workers' 12-day ordeal under Russian guard,,neutral
Ukrainians on way to UK hit paperwork dead-end in Calais,,neutral
How many refugees have fled Ukraine and where are they going?,,curiosity
Family separated by war in Ukraine finally reunited,,neutral
Servant of the People: 'Zelensky's comedy made me admire him more',,admiration
Ukraine: Irish student makes fresh escape attempt,,neutral
"Mercedes bullying led to Masi's removal as F1 race director, says Red Bull's Horner",,neutral
Man Utd players want manager clarity amid uncertainty,,neutral
Lynagh withdraws from England squad after positive Covid-19 test,,neutral
Covid-19 in the UK: How many coronavirus cases are there in my area?,,curiosity
War in Ukraine: Russia says it may cut gas supplies if oil ban goes ahead,,neutral
Ukraine: Volodymyr Zelensky to address UK MPs in Commons,,neutral
"Ukraine war: 300 Ukrainians get visas via new scheme, says UK",,neutral
Cost of living: Warning UK faces biggest income squeeze in nearly 50 years,,neutral
Government rescue of Bulb Energy set to cost taxpayers billions more,,neutral
"Amazon rainforest reaching tipping point, researchers say",,neutral
War in Ukraine: Crisis is unleashing 'hell on earth' for food prices,,neutral
Public sexual harassment: PM urged to ‘step up’ on women’s safety,,neutral
"Covid vaccines not linked to deaths, major US study finds",,neutral
War in Ukraine: Five times Russians have stood up for Ukraine,,neutral
War in Ukraine: World Bank approves $723m financial package,,neutral
McDonald's and Coca-Cola boycott calls grow over Russia,,neutral
"Chaos, upheaval and exhaustion for Ukraine's disabled children",,sadness
Ukraine invasion: False claims the war is a hoax go viral,,neutral
The Papers: Putin's 'cynical' refugee offer and UK urged to help,,neutral
War in Ukraine: Live-streaming music from a Kharkiv basement,,neutral
Vera Wang: I find ageism so old-fashioned,,neutral
"Turning Red: Killing Eve's Sandra Oh on celebrating Pixar, puberty and periods",,neutral
Ukraine: Documenting the war on TikTok,,neutral
Ukraine: Irish student makes fresh escape attempt,,neutral
Femicide detectives: 'Counting bodies is the best place to start',,neutral
Why misogyny is at the heart of South Korea's presidential elections,,curiosity
I've cut out energy drinks now mum's given me a kidney,,neutral
Can tech help revive India's 'crumbling' health system?,,curiosity
Ukraine: Small and big ways in which people in the UK are helping out,,neutral
Scotland's World Cup play-off against Ukraine postponed,,neutral
Angel City FC: Eni Aluko on working for the Los Angeles franchise,,neutral
Zverev given suspended eight-week ban for striking umpire's chair,,neutral
'I'm very energised to take this team forward' - Root feels he is still right man to lead England,,approval
International Women's Day: How Chelsea 'changed the game' in women's football,,neutral
War in Ukraine: Russia says it may cut gas supplies if oil ban goes ahead,,neutral
Ukraine war: UK can and will do more for refugees - minister,,neutral
"Covid: Vaccines not linked to deaths, says study, and brain changes after virus",,neutral
Shane Warne: Do liquid diets work and are they safe?,,curiosity
"Fury's future plans, AJ's new coach and Khan's rematch ambition - Fight Talk",,neutral
Healy helps Australia beat Pakistan at World Cup,,neutral
War in Ukraine: West hits Russia with oil bans and gas curbs,,neutral
War in Ukraine: Troops dig in near Kyiv,,neutral
Ros Atkins on… The UK’s refugee response,,neutral
"War in Ukraine: McDonald’s, Coca-Cola and Starbucks halt Russian sales",,neutral
War in Ukraine: Warning oil sanctions will further hit UK living costs,,neutral
Ukraine: Volodymyr Zelensky invokes Winston Churchill as he appeals to MPs,,neutral
Ukraine: Ministers can now detain Russian planes in UK,,neutral
Ukrainian actor Pasha Lee killed in Russian bombardment,,neutral
Almost two million pupils regularly missing school,,neutral
Stool tests might help spot early pancreatic cancer,,neutral
Online Safety Bill tweaked to target scam ads,,neutral
Prince Andrew pays settlement ending sex assault case,,neutral
Vamps star tells of liposuction body-image pressure,,neutral
'We are not co-operating': Life in occupied Ukraine,,neutral
Ukraine war: How reliant is the world on Russia for oil and gas?,,curiosity
Ukraine: Family escapes Kharkiv to Poland to treat daughter's cancer,,neutral
Ukraine: Are arms shipments from the West making a difference?,,curiosity
Ukraine: Mother of Russian soldier asks 'Whose door should I knock on to get my child back?',,neutral
Clive Myrie: The Ukrainians I met are not about to give up,,neutral
The Papers: Zelensky channels Churchill and US-UK oil ban,,neutral
In full: Ukrainian President Zelensky's message to UK,,neutral
Zelensky's moments: From TV star to wartime leader,,neutral
CEO Secrets: Drone boss Henri Seydoux shares his advice,,neutral
Ukraine: Frozen stars send messages of support to girl singing Let It Go,,neutral
Ukraine: Travel curfew halts Irish student's escape attempt,,neutral
Ukraine: Trauma surgeon teaches medics over Zoom,,neutral
War in Ukraine: President Zelensky posts video from office in Kyiv,,neutral
Ukraine: Does the Home Office need to get a grip?,,neutral
Private military firms see demand in Ukraine war,,neutral
Russia-Ukraine: Is internet on verge of break-up?,,neutral
Ukraine crisis: Is the UK doing enough to help refugees?,,curiosity
Zimbabwe clinics struggle for nurses after exodus to the UK,,neutral
What is going on with the partygate probe?,,curiosity
Sloppy England shocked by Windies at World Cup,,neutral
"Liverpool deserve quarter-final spot despite 'slapstick' finishing in loss to Inter, says Klopp",,neutral
Bairstow ton rescues England against West Indies,,neutral
Lewandowski scores earliest Champions League hat-trick as Bayern hit seven,,neutral
Andy Murray pledges to donate prize money to help children in Ukraine,,neutral
World Cup 2022: Wales' play-off with Austria to go ahead in March,,neutral
Women's World Cup: Deandra Dottin takes sensational catch against England to dismiss Winfield-Hill,,neutral
Russia could launch chemical attack in Ukraine - White House,,neutral
Ukraine ambassador calls for UK to end 'bureaucratic red tape' for refugees,,neutral
War in Ukraine: Oil prices plunge as UAE supports supply boost,,neutral
"Ukraine-Russia war: The era of complacency is over, says Liz Truss",,neutral
Ukraine: Private militias recruiting former soldiers,,neutral
IMF approves $1.4bn emergency funds for Ukraine,,neutral
"Use Russian money to rebuild Ukraine, says bank chief",,neutral
"Chancellor faces tough calls over households' income hit, says IFS",,neutral
Faulty drainage work blamed for fatal Stonehaven derailment,,neutral
Toddler tossed to safety from burning building,,neutral
US Border Patrol finds dozens of snakes and reptiles in man's outfit,,neutral
Djokovic pulls out of US events over Covid rules,,neutral
Real Madrid 3-1 Paris St-Germain (3-2 agg): Karim Benzema hat-trick inspires superb Real fightback,,neutral
The Russians using emojis to evade censors,,neutral
Ukraine war: Children of the Soviet era running from Russia,,neutral
Ros Atkins on... food price rises and the Ukraine war,,neutral
Ukraine war: UK Home Office is in crisis mode over visas,,neutral
Ukraine conflict: Your guide to understanding day 14,,neutral
The Papers: 'Barbaric' children's hospital bombing 'a new low',,neutral
Dolly Parton partners with James Patterson for first novel,,neutral
Encanto director invites glasses 'hero' schoolgirl Lowri to Baftas,,neutral
Endurance: Underwater robots find Shackleton's lost ship,,neutral
Halifax Acapulco club sells off sticky carpet,,neutral
The Capitol riot trial that tore a family apart,,neutral
Fact-checking PM's claim about refugees,,neutral
Israel's Bennett plays peacemaker in Ukraine-Russia war,,neutral
Winter Paralympics: 'I chose to have my leg amputated after years of pain',,neutral
Drought robs Amazon communities of 'life-giving' river,,neutral
Kidney donor: I call my remaining one Home Alone Kevin,,neutral
The Marvellous Neil Baldwin is back to make us feel better,,joy
England in West Indies: Tourists bowlers blunted on attritional second day in Antigua,,neutral
'It's a team award' - Woods gives emotional speech in Hall of Fame induction,,neutral
Women share stories of running in public and their safety concerns,,neutral
Mazepin & father added to list of wealthy Russians sanctioned by EU,,neutral
Man City comfortably into Champions League last eight with draw,,neutral
"'A crazy experience' - Liverpool's Harvey Elliott on injury, recovery and Champions League history",,neutral
On the front line of the battle for Kharkiv,,neutral
Ukraine war: Large Russian convoy redeploys near Kyiv - satellite images,,neutral
Ukraine war: People can welcome refugees into own homes - PM,,neutral
Ukraine conflict: Growing numbers of firms pull back from Russia,,neutral
Twitter blocks Russian claims on hospital attack,,neutral
War in Ukraine: Facebook to allow calls for violence against Putin,,neutral
Jussie Smollett sentenced to 150 days in jail in attack hoax case,,neutral
"N Korea tested long-range missiles, says US",,neutral
Ukraine war: Roman Abramovich sanctioned by UK,,neutral
Fans chant Abramovich's name at Chelsea win,,neutral
Covid deaths probably three times higher than records say,,neutral
UK Covid inquiry draft terms of reference set out,,neutral
"Covid pandemic fuels deepening education inequalities in England, say MPs",,neutral
"Watch: Our correspondent on the front line, with Ukraine’s troops",,neutral
Ukraine war: Images reveal scale of destruction in Mariupol,,neutral
"Ukraine war: 'I have 20 children here, please send help'",,neutral
"What is a war crime, and could Putin be prosecuted over Ukraine?",,curiosity
War in Ukraine: A family's 'torturous' UK visa chase,,neutral
Ukraine: What sanctions are being imposed on Russia?,,curiosity
Ukraine: What happened on day 15 of Russia's invasion,,curiosity
Ukraine war: Column of Russian tanks ambushed by Ukrainian forces,,neutral
WATCH: Disposal experts defuse unexploded bomb in Ukraine,,neutral
Roman Abramovich: What do Russian owner's sanctions mean for Chelsea?,,curiosity
What is a thermobaric or vacuum bomb?,,curiosity
The Papers: 'Roman empire falls' and 'hotline to host refugees',,neutral
Quiz of the week: Who helped Dolly write a novel?,,curiosity
'I just don't think we're being listened to',,disapproval
Russia-Ukraine war: Foreign fighters go to join defence,,neutral
Ukraine war: Indian students on the trauma of escaping,,neutral
UK boy donates teddy bear to Ukrainian child,,neutral
Classic Queen cover art for A Day at the Races sells for £28k,,neutral
Gracie Spinks: Receipt could have traced killer - family,,neutral
Climate change: Can the Russian energy crisis help to curb global heating?,,curiosity
Does your boss really care what you think?,,curiosity
Timbuktu manuscripts: Mali's ancient documents captured online,,neutral
Ukraine war: How reliant is the world on Russia for oil and gas?,,curiosity
"'As long as we have enough shirts and a bus, we'll be there' - Chelsea bosses vow to carry on",,neutral
England toil as Bonner hits century to put West Indies on top,,neutral
Commanding Rangers take big step towards Europa League quarter-finals,,neutral
Formula 1 testing: Red Bull unhappy with Mercedes upgrade in Bahrain,,disappointment
Chelsea: Thomas Tuchel has faith in those in charge of club's future,,neutral
Chelsea thrash West Ham at end of 'difficult day' for club,,neutral
Ukraine war: Kyiv prepares for Russian attack,,neutral
"Battle for Mykolaiv: 'We are winning this fight, but not this war'",,neutral
Ukraine war: Ukrainians mourn their fallen soldiers,,sadness
Roman Abramovich: Chelsea have credit card facilities temporarily suspended,,neutral
The race is on for affordable energy for the UK's homes and businesses,,neutral
Fears funeral plan reforms could mean thousands lose money,,fear
Disney apologises for 'silence' on 'Don't Say Gay' bill,,remorse
Transgender children: Texas plan to probe parents halted,,neutral
France keep Six Nations Grand Slam dream alive,,neutral
England in West Indies: Zak Crawley hits hundred as tourists dominate day four in Antigua,,neutral
Queen pulls out of attending Commonwealth Service,,neutral
UK sanctions 386 Russian MPs over Ukraine invasion,,neutral
Covid infections rising again across UK - ONS,,neutral
"Under threat of Russian bombs, Lviv hides away its priceless heritage",,neutral
War in Ukraine: How Russia is recruiting mercenaries,,neutral
Ukraine war: Fact-checking Russia's biological weapons claims,,neutral
Ukraine: Spam website set up to reach millions of Russians,,neutral
What sanctions are being imposed on Russia over Ukraine invasion?,,curiosity
Mariupol hospital attack: Pregnant woman hurt in bombing gives birth,,neutral
Ukraine: What happened on day 16 of Russia's invasion,,curiosity
Ukraine: Thousands of vulnerable children unaccounted for,,neutral
Will Nato get involved if dirty bombs are used in Ukraine? And other questions,,curiosity
Watch: Our correspondent goes into no-man's land with the Ukrainian army,,neutral
Which companies are pulling out of Russia?,,curiosity
Roman Abramovich: What do Russian owner's sanctions mean for Chelsea?,,curiosity
The Papers: Kyiv faces siege and UK under fire over refugees,,neutral
Intimate image abuse: His confession protected him,,neutral
Building a bigger home for the British Library collection,,neutral
The friends who explore abandoned buildings,,neutral
Week in pictures: 5-11 March 2022,,neutral
'Young people may have 10-plus careers in their lifetime',,neutral
British Pie Awards: Gluten-free pie crowned winner,,neutral
Mystery drone from Ukraine war crashes in Croatia,,neutral
Mark Kermode and Simon Mayo are ending their 5 Live film show,,neutral
Jussie Smollett: A complete timeline from actor's 2019 arrest to jail time,,neutral
Honduran authorities burn eight tonnes of cocaine,,neutral
UK visas for Ukrainian refugees: 'We don't deserve such an attitude',,neutral
Pregnancy loss: 'I just don't think we're being listened to',,sadness
Martin Compston: From a school corridor to stardom,,neutral
'Reselling PlayStations keeps a roof over my head',,neutral
Farming Wales: The farmer making vodka from sheep milk,,neutral
Australia floods: 'I'm angry it's happening again',,anger
Ukraine: How China is censoring online discussion of the war,,neutral
The Ukrainian sisters separated by war,,neutral
Covid-19 in the UK: How many coronavirus cases are there in my area?,,curiosity
‘It was a nightmare in that place’,,neutral
Cost of living: What Tory MPs want from Rishi Sunak,,neutral
Raducanu into Indian Wells third round with win over Garcia,,neutral
Murray beats Daniel at Indian Wells for 700th ATP win,,neutral
Winter Paralympics: Britain's Menna Fitzpatrick finishes fourth in slalom,,neutral
Six Nations: 'Ireland will demand new level from new England',,neutral
Six Nations: France edge past Wales to keep Grand Slam hopes alive,,neutral
Women's World Cup: 'Sensational!' - Matthews takes brilliant catch to remove Sharma,,neutral
Six Nations: Dan Biggar kept Wales in the game against France - Martin Johnson,,neutral
Ukraine war: Evacuations 'extremely difficult' amid shelling,,sadness
Ukraine war: UK households offered £350 a month for hosting refugees,,neutral
Roman Abramovich: Rabbi investigated over Portuguese citizenship,,neutral
Sarah Everard: Protesters demand 'radical change' to Met Police,,neutral
Scotland and Wales bid to be refugee super sponsors,,neutral
Brexit: Micheál Martin and Boris Johnson discuss NI Protocol,,neutral
England in West Indies: Spirited tourists have to settle for draw in first Test,,neutral
Ukraine war: Protests after Russians 'abduct' Melitopol mayor,,neutral
Boss accused of defrauding blind workers' pensions,,neutral
Saudi Arabia executes 81 men in one day,,neutral
Body of missing hillwalker found in Glen Coe,,neutral
Rod Stewart fixes potholes near his Harlow home,,neutral
Manchester United 3-2 Tottenham Hotspur: Cristiano Ronaldo scores hat-trick in thriller,,neutral
War in Ukraine: 'No one wants to die' - meeting Ukraine's teenage soldiers,,neutral
Russia faces brain drain as thousands flee abroad,,sadness
Russia sanctions: How the measures have changed daily life,,neutral
Ukraine maps: At-a-glance guide to the Russia war,,neutral
Ukraine: 'Not all Russians support this war',,neutral
The Papers: £350 a month refugee plan and plea to help orphans,,neutral
Your pictures on the theme of 'urban landscape',,neutral
The first sex worker strike: 'We are just women and mothers',,neutral
Ukraine war: Pictures of war intensifying in third week,,neutral
Console 'scalper' on stockpiling PlayStations for profit,,neutral
Will Russia's attack on Ukraine help thaw US-Venezuela relations?,,curiosity
Indian evacuee: The kindness of Ukrainians saved my life,,neutral
Xenotransplantation: Are pigs the future of organ transplants?,,curiosity
Bafta Awards 2022: Stars prepare to return to in-person ceremony,,neutral
"'Without TikTok, I'd still be a wedding singer'",,neutral
PGI status: Could Welsh leeks become the new Cornish pasty?,,curiosity
Isak Munda: The Orissa labourer who became a YouTube star,,neutral
Ronaldo says there 'are no limits for Man Utd' - but has his hat-trick broken a world record?,,curiosity
Michael Conlan reveals he is OK after Leigh Wood retains world title with brutal knockout,,neutral
"West Indies draw a huge step forward, says England captain Root",,neutral
How England's 14 men whipped up Twickenham crowd with stirring display,,neutral
'Salah must decide if he wants icon status - or money' - will Liverpool forward stay at Anfield?,,neutral
MOTD analysis: How 'sensational' Cristiano Ronaldo dominated Tottenham Hotspur,,neutral
Six Nations highlights: Ireland beat England to keep alive Six Nations hopes,,optimism
Ukraine crisis: US warns China against helping Russia,,neutral
Ukraine war: 21 children flown to UK for cancer treatment,,neutral
Bafta Film Awards: Benedict Cumberbatch's The Power of the Dog wins top prize,,neutral
William Hurt: Oscar-winning actor and Marvel star dies at 71,,neutral
Tom Brady: NFL great makes retirement U-turn after just six weeks,,neutral
Ukraine war: UK refugee scheme set to launch,,neutral
Brent Renaud: US journalist and filmmaker killed in Ukraine,,neutral
Hong Kong: Briton accused of jeopardising China's security,,neutral
"No-one raised security concerns over Lord Lebedev with me, says Michael Gove",,neutral
Irbil attack: Iran launches missiles at northern Iraqi city,,neutral
Chelsea 1-0 Newcastle United: Kai Havertz's late goal gives hosts three points,,neutral
Unions warn of job losses if rail firms close ticket offices,,neutral
Rod Stewart: Videos prompts pothole DIY repair warning,,neutral
Zhytomyr: Aerial attacks hit city that is corridor to Kyiv,,neutral
Ukraine war: Zelensky visits wounded Ukrainian soldiers,,neutral
How to spot false posts from Ukraine,,curiosity
Ukraine war: Five times refugees were met with kindness,,neutral
Poland feels the strain of Ukraine's refugees,,neutral
War in Ukraine: What happened on day 18 of Russia's invasion,,curiosity
Why I want to share my home with a Ukrainian refugee,,neutral
War in Ukraine: Uni to uniform - Ukraine's new teenage army recruits,,neutral
Newspaper headlines: 'War at Nato's door' as Putin has 'West in sights',,neutral
Baftas 2022: Seven highlights - from the jokes to the dresses,,neutral
The Syrian women replacing men as leaders,,neutral
Brent Renaud: Friend of US journalist killed in Ukraine speaks to BBC,,neutral
Northumberland farm welcomes five-legged lamb,,neutral
Reproductive coercion: 'I wasn't allowed to take my pill',,neutral
British food: How traditional firms are faring under pressure,,neutral
'I thought I had Covid but it was terminal lung cancer',,neutral
The innovative surfing tech making waves,,admiration
Deep listening: I realised we all share the same human feelings,,realization
Rosacea: 'Your skin doesn't define you',,neutral
The Muslim women learning to ride a bike in their 40s,,neutral
'No doubt I'll stay until end of season' - Tuchel pledges future as Chelsea taking things 'day by day',,neutral
'So emotional for me' - Ukraine's Yarmolenko scores as West Ham beat Aston Villa,,neutral
"Garth Crooks' Team of the Week: Ronaldo, Diaz, Eriksen, Yarmolenko, Rudiger",,neutral
Matt Dawson column: England’s Ireland loss is gold dust for World Cup,,neutral
Women's World Cup: Watch bizarre Nat Sciver dismissal for England against South Africa,,neutral
MOTD2 analysis: Could Patrick Bamford be the difference for Leeds United?,,curiosity
Ukraine war: Editor interrupts Russian TV news show,,neutral
Homes for Ukraine refugee scheme launches in UK,,neutral
Ukraine war: West made 'terrible mistake' after Crimea - PM,,neutral
Roman Abramovich: New evidence highlights corrupt deals,,neutral
NHS struggling with 'long tail' of pandemic mental ill health,,sadness
Ukraine war: Pub dedicated to Hemingway destroyed in Kharkiv,,neutral
Scotland's decision day for easing final Covid rules,,neutral
Russia-Ukraine war: British Fox News journalist injured,,sadness
Putin changes law on leased jets to keep them flying,,neutral
Ukraine: Eight arrests at oligarch's London mansion after balcony protest,,neutral
China: Businesses shut as officials widen Covid lockdowns,,neutral
Outdoor civil weddings and partnerships here to stay,,neutral
Cheltenham Festival 2022: What to watch out for at four-day meeting,,neutral
Ukraine war: A baby born under bombardment in Bucha,,neutral
"Ukraine war: Kyiv terrain will slow Russian troops, say Ukraine generals",,neutral
How to sponsor Ukrainian refugees and offer them a UK home,,curiosity
War in Ukraine: What happened on day 19 of Russia's invasion,,curiosity
Mass graves in Ukraine: Battered cities are digging makeshift burial sites,,neutral
WATCH: Residents rescued after Kyiv apartment block strike,,neutral
Ukraine war: Drone shots show Mariupol devastated by fighting,,neutral
Newspaper headlines: 'Rush to take in Ukrainians' and 'you're Putin us up mate',,neutral
March 4 Justice: Has anything changed for Australian women?,,curiosity
Science and tech: The app founder inspiring kids,,admiration
How barista training opens doors for refugees,,curiosity
'Double tap' attacks in Yemen's civil war,,neutral
Baftas 2022: Encanto director takes glasses campaigner to London ceremony,,neutral
Hamilton to change name to include mother's surname,,neutral
"Inflation: Sports bras in, doughnuts out of cost of living measure",,neutral
Northern Lights: Powerful aurora borealis display above Scotland,,neutral
Ukraine war: Silent streets in wiped out Donetsk town,,neutral
Behind the scenes on the nearly-ready Crossrail project,,neutral
The popular apps aiming to tame the chaos of family life,,neutral
Ukraine war: Fears Russian aggression could spill into Poland,,neutral
Covid: Generation of musicians 'devastated' by restrictions,,neutral
War in Ukraine: Why Vladimir Putin couldn't have trained fighters in Africa,,curiosity
Ukraine conflict: What military and economic support could China offer Russia?,,curiosity
Chelsea & Roman Abramovich: Is this a moment of reckoning for English football ownership?,,curiosity
Cancer: 'I thought I had Covid but it was terminal lung cancer',,neutral
How many refugees have fled Ukraine and where are they going?,,curiosity
Australian Smith holds off England's Casey to win Players Championship and $3.6m,,neutral
"Better to be in our position than Liverpool's, says Man City's Silva",,neutral
Nadal beats GB's Evans at Indian Wells to continue unbeaten run,,neutral
Celtic ease by Dundee Utd into Scottish Cup last four,,neutral
Palace hold wasteful Man City to draw,,neutral
Women's World Cup: Perry & Gardner star as clinical Australia beat Windies,,neutral
Ukraine war: European leaders risk train ride to meet Zelensky,,neutral
Boris Johnson to visit Saudi Arabia in bid to ditch Russian oil,,neutral
Ukraine war: Two women in Kyiv tower blocks record their new life under siege,,neutral
The Western brands unable to leave Russia,,neutral
Met Police apologises for strip-search of Hackney schoolgirl,,neutral
"New Zealand border to reopen from next month, PM Ardern says",,neutral
The tragedy of Afghanistan's malnourished children,,sadness
"Nazanin Zaghari-Ratcliffe has UK passport returned, MP says",,neutral
Church of England pressures TotalEnergies over Russia business,,neutral
"North Korea fires missile but launch fails, says South",,neutral
Heathrow Airport drops Covid face mask rules,,neutral
Royal Society of Chemistry report says racism 'pervasive',,neutral
Government overseen years of decline in NHS - MPs,,neutral
Pregnant women should be asked how much they drink,,neutral
Ukraine: Putin will search for a way to save face,,neutral
Ukraine's wartime rail chief has to be faster than the Russians tracking him,,neutral
War in Ukraine: What happened on day 20 of Russia's invasion,,curiosity
Ukraine war: Could Russia use tactical nuclear weapons?,,neutral
Nigerian volunteer: 'Fighting in Ukraine is better than living here',,neutral
Ukraine war: Infection and hunger as hundreds hide in Mariupol cellar,,neutral
Ukraine UK refugee hosting scheme: Mum-of-four opens home to refugees,,neutral
Ukraine war: Protester exposes cracks in Kremlin's war message,,neutral
Ukraine war: One shell that destroyed a family,,sadness
What sanctions are being imposed on Russia over Ukraine invasion?,,curiosity
Newspaper headlines: Zelensky's 'Nato concession' as Putin 'turns to Plan C',,neutral
Ukraine: The volunteers racing aid from the UK to the front line,,neutral
Stormzy tour review: Star praises fans who waited two years to see him,,neutral
Ukraine refugees: Bringing my mother to the UK,,neutral
Marina Ovsyannikova: TV protest 'was my own decision',,neutral
NYC's Met opera house hosts concert in support of Ukraine,,neutral
"Watkins, Duran & defensive errors - Emery's four tactical dilemmas",,neutral
When Alistair Brownlee helped brother Jonny over finish line,,neutral
CCTV shows Harshita Brella and husband near lake,,neutral
Son of IRA murder victim calls Disney drama 'horrendous',,disgust
Police warn against road travel during Storm Bert,,neutral
'Being stalked was worse than being held at gunpoint',,disgust
Putin says Russia will use new missile again in 'combat conditions',,neutral
Woman wins civil rape case against Conor McGregor,,neutral
Parents 'devastated' over British woman's death in suspected Laos poisoning,,sadness
Two detained over Gatwick Airport 'suspect package',,neutral
"Storm Bert heads to UK with heavy rain, wind and snow",,neutral
King accepts flowers for Queen who misses Royal Variety over illness,,neutral
Farming tax row - BBC Verify on which figures are more reliable and why,,neutral
People smugglers who promoted Tripadvisor-style video reviews convicted,,neutral
Spain fines budget airlines $179m and wants ban on hand luggage charges,,neutral
Trump nominates Scott Bessent to lead US Treasury,,neutral
EasyJet passengers film Iceland volcano lava from above,,neutral
No 10 indicates Netanyahu faces arrest if he enters UK,,neutral
Charged £720 to have a key cut - soaring bills drive leaseholders to breaking point,,neutral
What is methanol and how does it affect the body?,,curiosity
The Papers: 'Business blames budget' and 'UK economy takes hit',,neutral
"The rise of Pam Bondi,  longtime Trump ally who is new  pick for attorney general",,neutral
Everything we know about Russia's Oreshnik missile,,neutral
Will China step up if Trump takes a step back on climate change?,,curiosity
BBC visits mpox clinic as WHO says DR Congo cases 'plateauing',,neutral
"Jailed cancer charity thief ordered to pay back rest of £95,000 she defrauded",,neutral
Allison Pearson says she felt 'bullied' in police probe,,neutral
COP29 overruns as poor countries seethe over climate cash,,neutral
Dutch police find gnome made of MDMA during drug bust,,neutral
Gordon Brown declares opposition to assisted dying,,neutral
Family say Harshita Brella will not be forgotten,,neutral
"Sara Sharif’s dad is in eternal hell, jury told",,neutral
"The Week: Ukraine, Israel and John Prescott reflections",,neutral
'Dreamer' Amorim 'right guy' to revive Man Utd,,neutral
'I will be here' - Guardiola's relegation promise to Man City,,neutral
World champions South Africa lie in wait for Wales ,,neutral
I want England to be brave with the ball - Borthwick,,desire
Vardy best England striker of his generation - Maresca,,neutral
'Chaos for Australia!' Hosts collapse to 67-7 against India,,disappointment
Bomb disposal unit at bus station after 'alert',,neutral
Woman wins civil rape case against Conor McGregor,,neutral
Storm Bert amber snow warning extended in Scotland,,neutral
'Gutted for the girls' as claims grow against football star ,,neutral
"No 'red lines' in Ukraine support, French foreign minister tells BBC",,neutral
Man dies after tree falls on car as Storm Bert sweeps UK,,neutral
'Refused service yet again with my guide dog - I'm done speaking out',,annoyance
Your pictures of Storm Bert from around the UK,,neutral
'Are we not humans?': Anger in Beirut as massive Israeli strike kills 20,,anger
Murray to coach Djokovic at Australian Open,,neutral
"'Trust and reserve judgement' on rebrand, says Jaguar after backlash",,neutral
Mystery drones seen over three US air bases in UK,,neutral
UK wants to hire EU negotiator to 'reset' relations,,neutral
Kayaker's leg amputated in middle of river after 20-hour rescue,,neutral
Israel investigates as Hamas says female hostage killed,,neutral
China's huge sinkholes reveal hidden treasures as viral videos draw tourists,,neutral
The Papers: 'Two thirds back assisted dying' and 'Putin ready to cripple Britain',,neutral
A toxic staffing row is splitting the NHS,,neutral
Free shots and beer buckets in party town at centre of suspected methanol deaths,,neutral
Will Rachel Reeves' difficult week cause her lasting damage?,,curiosity
"Lava, letters and a loch: Photos of the week",,neutral
"I am going to be proud one day, says teen after struggle with mental health system",,pride
Watch: Snowy Saturday as Storm Bert sweeps the UK,,neutral
Murder arrest after man shot dead in Birmingham,,neutral
Flat caps galore at Tommy Shelby lookalike contest,,neutral
Irish justice minister praises 'bravery' of woman in Conor McGregor rape case,,admiration
Kate Nash says her OnlyFans will earn more than her tour,,neutral
John the cat gets stuck in drainpipe,,neutral
The Assisted Dying Debate: Ex-PM Gordon Brown Intervenes,,neutral
'In eight years we never lived like this' - what is wrong at Man City?,,curiosity
Wales coach Gatland to learn fate in coming days,,neutral
Why 'extra special' Nwaneri has to remain patient,,neutral
"'Time for Scotland to deliver result, not moments'",,neutral
Kane scores hat-trick to break Bundesliga record,,neutral
Murray to coach Djokovic at Australian Open,,neutral
Murder arrest after man shot dead in Birmingham,,neutral
Homes flooded and travel disrupted by Storm Bert,,sadness
Flood fears as Storm Bert heads into second day,,neutral
Storm Bert brings landslide and 82mph gusts,,neutral
"Storm Bert floods 'absolutely devastating', says Welsh FM",,neutral
'Don't drink the spirits': Laos backpackers avoid shots after suspected poisonings,,neutral
British man captured while fighting with Ukraine,,neutral
"Young people who refuse to work to lose benefits, says minister",,neutral
"In stifled sobs and fierce accusations, family falls apart at mass rape trial",,sadness
Expelled the same day: Ireland hardens illegal immigration response,,neutral
Adele doesn't know when she'll perform again after tearful Vegas goodbye,,confusion
Huge deal struck but is it enough? 5 takeaways from a dramatic COP29,,curiosity
Irish prime minister apologises for walking away from care worker,,remorse
Wicked opening set to be biggest for Broadway film,,neutral
'I can't say what my face will do in two hours',,neutral
"Feel free to sing in the cinema, says The Rock",,neutral
'Refused service yet again with my guide dog - I'm done speaking out',,annoyance
Your pictures on the theme of 'autumn walks' ,,neutral
'We knew Christmas before you' - the Band Aid fallout ,,neutral
"Martin Lewis meets deepfake scam victim who lost £76,000",,neutral
Burning old TVs to survive: The toxic trade in electrical waste,,neutral
Perfume boss captured on video admitting he ignored Russia sanctions,,neutral
India's 'rebel' Muslim princess who shot tigers and drove a Rolls-Royce,,neutral
Lauren Laverne given 'all clear' following cancer diagnosis,,neutral
"Huge COP29 climate deal too little too late, poorer nations say",,neutral
Dozens killed in Pakistan sectarian violence,,sadness
South Korean man dodged draft by binge eating,,neutral
"Assisted dying bill about right to choose, says minister",,neutral
"Rabbi who went missing in UAE was murdered, Israel says",,neutral
Verstappen wins title as Russell triumphs in Vegas,,neutral
"Will Labour’s Plan For Work, Work?",,neutral
'Now give Mo his dough' - Liverpool can't let Salah leave Anfield,,neutral
'We will suffer for a long period' - why there is no quick fix at Man Utd,,sadness
England are in a very good place - George,,admiration
Why Verstappen's 'almost flawless' season is 'towering achievement',,admiration
Humphries beats Littler to win Players Championship,,neutral
Why Leicester acted quickly to end Cooper reign,,neutral
Scotland 'found a way to win' against Australia,,neutral
Storm Bert causes widespread rail disruption,,neutral
Clean up begins after Storm Bert floods,,neutral
Queensferry Crossing ice closure a 'safety first' decision,,neutral
Anger as Storm Bert leaves trail of destruction,,anger
Two Britons among 16 missing after Red Sea tourist boat sinks,,neutral
More rain forecast after Storm Bert hits UK ,,neutral
Emergency crews tackle flood waters in rescue operations,,neutral
Judge dismisses special counsel's election case against Trump,,neutral
Reeves tells firms no more tax rises as she defends Budget,,neutral
Gangsters block aid distribution in south Gaza,,neutral
Man arrested after eight-year-old girl shot in car,,neutral
"I'm not surprised some voters want election re-run, says Starmer after petition",,neutral
Prosecutors demand 20-year jail sentence for husband in mass rape trial,,neutral
"Israel and Lebanon close to ceasefire deal, Israeli officials say",,neutral
"I had good intentions, says Letby safeguarding boss who failed to raise concerns",,approval
"We were ready to leave climate summit, negotiator tells BBC",,neutral
Barbara Taylor Bradford: An author of substance,,neutral
"The Papers:  'No more tax rises, insists Reeves' and 'PM in jobs push'",,neutral
‘I had no idea being a social drinker would damage my liver by 31’,,confusion
Menendez brothers' resentencing hearing delayed until January,,neutral
How service charges in flats spiralled out of control,,neutral
Elton John album on hold because he 'can't see',,neutral
"People should intervene if they see women at risk of spiking, minister urges",,neutral
Malaysia government told to return seized LGBT watches,,neutral
£1.25 a night Welsh tourism tax may start in 2027,,neutral
Angela Merkel defends ties with Russia and blocking Ukraine from Nato,,neutral
Davina McCall says 'it's nice to be home' after brain surgery,,neutral
Trump's 'border tsar' vows to cut funding to 'sanctuary' states,,neutral
Pakistan police clash with Imran Khan supporters heading to Islamabad,,neutral
"Reeves My Lips, No New Taxes (On Business)",,neutral
Angela Merkel on Putin’s dog and Trump’s handshake,,neutral
Bethell to bat at three on England Test debut,,neutral
Root 'a rung below' Smith and Kohli - Lehmann,,neutral
General Motors agrees deal to enter F1 in 2026,,neutral
'A huge result' - could West Ham win at Newcastle be turning point for Lopetegui?,,curiosity
'As open as it has ever been' - is this the tightest Premier League?,,curiosity
Salah selfish for contract comments - Carragher,,neutral
Man admits murdering 'defenceless' woman in front of friends,,neutral
Parents question 'flawed' Garda canal death probe,,neutral
Supreme Court to hear case on definition of a woman,,neutral
Rugby club devastated by Storm Bert had no insurance,,neutral
What we know about Israel-Hezbollah ceasefire deal,,neutral
"Israel-Hezbollah ceasefire designed to be permanent, says Biden",,neutral
Israeli anger at 'irresponsible and hasty' ceasefire,,anger
Questions over Hezbollah's future after ceasefire,,neutral
"CCTV shows autistic pupils pushed, pinned to walls and sitting in vomit",,neutral
Mother of child hidden in drawer from birth jailed,,neutral
"Vauxhall owner to close Luton factory, putting 1,100 jobs at risk",,neutral
Five survivors found day after Red Sea tourist boat sinking,,neutral
MPs back plans for phased smoking ban,,neutral
'Hardest decision of my career': MPs wrestle with assisted dying choice,,neutral
UK winner of EuroMillions scoops £177m jackpot,,neutral
UK military join hunt for drones near US airbases,,neutral
One of the US's most wanted men arrested in Wales,,neutral
Storm Conall to bring more rain to parts of England and Wales,,neutral
"Harshita Brella's husband was arrested before, says police watchdog",,neutral
Trump proves he is serious on tariffs - but it's not about trade,,neutral
The Papers: Electric car 'chaos' and Israel-Hezbollah ceasefire,,neutral
Watch: How big is the problem of people not working?,,curiosity
"What is Baller League? Why are KSI, Lineker & Terry involved?",,curiosity
Russian deserter reveals war secrets of guarding nuclear base,,neutral
Mum's tribute to 'beautiful' daughter who died on M5,,admiration
Man arrested over tractor drive through floods,,neutral
No 10 denies Russian claims that expelled UK diplomat was a spy,,neutral
Sharp rise in bathing sites rated unfit for swimming,,disappointment
New Mauritius PM has reservations about UK's Chagos deal,,neutral
Black Friday shoppers warned to be wary of deals,,neutral
Climbing inside a Kelpie's head ,,neutral
"Trump, tariffs and trade wars",,neutral
Angela Merkel on Putin’s dog and Trump’s handshake,,neutral
"'Fragile, frail & weak' - Man City's defensive woes continue",,neutral
Zhang makes maximum 147 break at UK Championship,,neutral
'We know what we're doing' - Stokes on Bethell,,neutral
Fans have a right to express how they feel - Guardiola reacts to boos,,neutral
"Rapper Slowthai raped women after gig, court told",,neutral
Remains exhumed from cemetery in Disappeared search,,neutral
Hospitals inquiry families say safety fears remain,,neutral
'I spent my wedding night gambling away our money',,neutral
Police investigate more people over Al Fayed abuse,,neutral
"Jeremy Bowen: The Lebanon ceasefire is a respite, not a solution for the Middle East",,neutral
Bomb threats made against Trump cabinet nominees,,neutral
Lucy Letby's dad 'made threats' in meetings with hospital CEO,,neutral
MPs to debate petition calling for another election,,neutral
Lyse Doucet: Nowhere else on Earth are so many children fleeing war,,neutral
"Liz Hatton, teen photographer who inspired Kate, dies aged 17",,neutral
Israel to appeal against ICC warrants for Netanyahu and Gallant,,neutral
Ex-PM David Cameron backs assisted dying bill ,,neutral
"Mum told partner 'I'm sick of you hitting me' before suicide, manslaughter trial hears",,sadness
Man arrested after secret filming of women shared on TikTok,,neutral
Fans fume over Jason Donovan Rocky Horror no-show,,neutral
Israelis survey damage and mull return to north as ceasefire begins,,neutral
Displaced Lebanese head for homes as fragile truce appears to hold,,neutral
What we know about Israel-Hezbollah deal,,neutral
The conflict in maps: Ceasefire in effect in Lebanon,,neutral
'You can't wipe out Billingsgate Fish Market overnight',,neutral
The Papers:  'Tories failed on migration' and 'cops target Al Fayed network',,neutral
Diver describes rescuing nephew from capsized Egypt boat ,,neutral
Why India's latest Sun mission finding is crucial for the world,,curiosity
'I found out I lost my Vauxhall job on WhatsApp',,sadness
Protest arrests after seven detained over links to Kurdish rebel group PKK,,neutral
Missing hiker found alive after more than five weeks in wilderness,,neutral
Storm Conall brings more rain as it passes over UK,,neutral
Lib Dem leader Ed Davey in bid for Christmas No 1,,neutral
Watch highlights from Mishal Husain's career as she leaves BBC,,neutral
The Israel-Hezbollah Ceasefire,,neutral
Angela Merkel on Putin’s dog and Trump’s handshake,,neutral
'Something special brewing at Slot's remarkable Liverpool',,neutral
Van Nistelrooy set to be appointed Leicester boss,,neutral
England punish sloppy South Africa to seal T20 series,,neutral
Relentless Liverpool beat Real Madrid in thriller,,neutral
"Rapper's friend raped woman at party, court hears",,neutral
Flights cancelled amid yellow weather warning,,neutral
Car speed limits could be cut but raised for HGVs,,neutral
Fears misinformation behind drop in contraception,,fear
Gregg Wallace 'fascinated by my sex life and made lesbian jokes',,neutral
Kirsty Wark: Gregg Wallace used sexualised language and ‘people were uncomfortable’,,neutral
Starmer says migration 'off the scale' after record high last year,,neutral
"Hope, fear, faith and love: Four people on why assisted dying vote matters",,neutral
Transport secretary pleaded guilty to 2014 work phone incident,,neutral
Man who spied for Russia in UK 'discussed killing journalist',,neutral
Ceasefire largely holds but Israelis near Lebanon border have their doubts,,neutral
Families return to destruction in southern Lebanon,,neutral
Daniel Khalife was a British soldier who spied for Iran and dreamed of fame,,neutral
Putin threatens Kyiv decision-makers after striking energy grid,,neutral
All Scottish pensioners to get winter fuel payment,,neutral
"Baby remains were newborn girl, police say",,neutral
Assisted dying bill: What is in proposed law?,,curiosity
'Hardest decision of my career': MPs wrestle with vote choice,,neutral
Last-minute lobbying ahead of major assisted dying vote,,neutral
How assisted dying has spread across the world and how laws differ,,confusion
"Israel building new military dividing line across Gaza, satellite images suggest",,neutral
How the Republic of Ireland will elect its next parliament,,curiosity
'I sold my house to man on FBI's most wanted list',,neutral
Net migration numbers are down - how have the rules changed?,,curiosity
Black Friday: How to spot a deal and not get ripped off,,neutral
"Missed opportunity to stop Lucy Letby, medical boss says",,disappointment
Paris's Gothic jewel Notre-Dame to reopen five years after fire,,neutral
Romania orders election recount after TikTok bias claims,,neutral
Typhoo Tea falls into administration as sales slide,,neutral
Police given misconduct notices over girl's M5 death,,neutral
"Widow, 92, dines at castle each week for 37 years",,neutral
Jay Slater's family stop donations on fundraiser,,neutral
Starmer's Migration Mission,,neutral
The Assisted Dying Debate,,neutral
Amorim enjoys 'special' first Man Utd win despite 'anxiety',,joy
Verstappen 'should start doing comedy' - Norris,,neutral
Lions deny Bears on Thanksgiving for 10th straight win,,neutral
'Missed opportunity' to stop Letby - medical boss,,neutral
Voters to take to the polls in Irish general election,,neutral
All Scottish pensioners to get winter fuel payment,,neutral
Price of tattoos 'will rise' as new safety rules begin,,neutral
MPs back bill to allow assisted dying after emotional debate,,neutral
Assisted dying bill: Find out how your MP voted,,neutral
"Gargoyles, stained glass and the spire: How Notre-Dame was restored",,neutral
Rupert Grint to pay £1.8m after losing tax battle,,neutral
"Millions to see mortgage costs rise, says Bank",,neutral
"'I watched porn morning, noon and night'",,neutral
Police hunt killer of young mother killed in e-bike hit and run,,neutral
"Tight three-way race in Irish general election, RTÉ exit poll suggests",,neutral
Syrian rebels take control in parts of Aleppo - reports,,neutral
Met Police apologises to honeytrap victims over email,,neutral
Man jailed for murdering brother-in-law in shooting spree,,neutral
Buckingham Palace curtains in your home for Christmas?,,curiosity
"Chris Mason: A momentous day, whatever happens next",,neutral
Watch: The personal stories told in the Commons,,neutral
How the proposed law would work and who it would apply to,,curiosity
Bill must pass many hurdles before it becomes law,,neutral
'It's part of my DNA': Charli XCX and the fight to save club culture,,neutral
Trump top spy pick faces fresh scrutiny over Syria visit and Russia comments,,neutral
Ukraine fights to keep the lights on as Russia hammers power plants,,neutral
Chris Mason: Louise Haigh's swift resignation prompts questions,,neutral
Weekly quiz: Which box office spell did Wicked break?,,curiosity
'I got quick cash in my account but it was too good to be true',,approval
Letby boss admits 'crass' letter to babies' families,,neutral
Mauritius asks for review of Chagos Islands deal with UK,,neutral
Janey Godley begins 'final tour' before funeral,,neutral
Van Nistelrooy named Leicester City manager,,neutral
Inside the £4m mansion Jurgen Klopp called home,,neutral
Gregg Wallace was 'fascinated by my sex life and made lesbian jokes',,neutral
MPs Vote in Favour of Assisted Dying,,neutral
The Trump Trials... Cases Closed?,,neutral
'Scots did not show best but can raise bar in Finland',,neutral
'Maybe it's destiny' - Amorim on Man Utd job & coaching philosophy,,neutral
What to expect from new Leicester boss Van Nistelrooy,,curiosity
Hamilton says he is 'definitely not fast any more',,neutral
Ditcheva first British woman to win MMA world title as Loughnane beaten,,neutral
UK's first Dignitas widow feels ‘wonderful’ after assisted dying vote,,admiration
"Tight three-way race in Irish general election, RTÉ exit poll suggests",,neutral
Could police have handled Skye shooting differently?,,curiosity
Angry doctors owed thousands refuse to work,,anger
Syrian troops withdraw from Aleppo as rebels advance,,neutral
Who are the rebels seizing control of Syria's second city?,,curiosity
Family 'desperate' as British couple still missing after Red Sea sinking,,neutral
'We voted for assisted dying bill - but still have concerns',,neutral
"Kate sends emotional Christmas message of 'love, not fear'",,neutral
"Irish election 'too close to call', says taoiseach",,neutral
Spain hotel check-in delay fears as new data rules begin,,neutral
World Beekeeping Awards axe honey prize due to fraud,,neutral
"'Rigorous' law firm to lead Gregg Wallace probe, say MasterChef producers",,neutral
"Under chandeliers, Lucy Letby hospital bosses broke their silence",,neutral
Georgia president calls for new elections as protests erupt again,,neutral
'I couldn’t stop watching': Personal stories of how porn obsession takes over lives,,neutral
Bushra Bibi led a protest to free Imran Khan - what happened next is a mystery,,confusion
Thousands visit site of Hassan Nasrallah's assassination ,,neutral
Are mystery drones above US bases in England something sinister?,,curiosity
'It's part of my DNA': Charli XCX and the fight to save club culture,,neutral
Terminally ill people on both sides of assisted dying debate react to vote,,neutral
Why so many games are failing right now - and why others are breakout hits,,curiosity
Janey Godley funeral is colourful comedy send-off,,neutral
Food charity pauses Gaza work after staff killed in Israeli strike,,neutral
"Woman's £1,906 bill over five-minute parking rule",,neutral
Cate Blanchett 'deeply concerned' by AI impact,,caring
Man who found smooth Mars bar gets £2 compensation,,neutral
Tributes paid to Alex Salmond at cathedral service,,neutral
Lockdown DIY linked to landfill's noxious gases,,neutral
Newscast,,neutral
The Trump Trials... Cases Closed?,,neutral
'The impact of defeat is massive' - what to look out for in Liverpool v Man City,,neutral
'Title race on' - how Odegaard & Saka are keeping Arsenal hopes alive,,neutral
Russell promoted to Qatar pole by Verstappen grid penalty,,neutral
Wiegman vowed to experiment - did USA draw show 'evolution'?,,neutral
'No emotion' for Farrell in winning Irish send-off,,neutral
Could police have handled Skye shooting differently?,,curiosity
'Pixelated' mural tackles stigma of breastfeeding,,neutral
Inside the £4m mansion Jurgen Klopp called home,,neutral
Families' 15-year wait for mine deaths inquest,,neutral
Gregg Wallace accusers criticise his response to allegations,,neutral
Bowen: Syria's rebel offensive is astonishing - but don't write off Assad,,surprise
"‘Italian’ purees likely to contain Chinese forced-labour tomatoes, BBC finds",,neutral
Georgia's PM hits back as protests and resignations intensify,,neutral
Former world snooker champion Griffiths dies aged 77,,neutral
'People want nothing to do with him': How Ireland turned away from Conor McGregor,,neutral
She fled Israeli bombing four times. It still found her,,neutral
British man killed on holiday in Turkey lift-shaft incident,,neutral
Losing your mind looking at memes? The dictionary has a word for that,,neutral
Man arrested on suspicion of rape at Groucho Club,,neutral
Majority of seats declared in close Irish general election,,neutral
Serie A footballer in intensive care after collapsing on pitch,,neutral
Elton John unable to 'watch own musical' after eyesight loss,,sadness
Belgium's sex workers get maternity leave and pensions under world-first law,,neutral
'They threw her body into the ocean' - woman dies on boat headed for French island,,neutral
Forgotten street found behind a hidden library door,,neutral
'I spent 30 years as a therapist to killers - and no-one is born evil',,neutral
Blind dates to find mates: Making friends with strangers over dinner,,neutral
"'Our estate pays £9,000 a year for grass to be cut'",,neutral
Global plastic talks collapse as oil states rebel,,neutral
Homes evacuated after sinkhole opens on estate,,neutral
Snoop Dogg helps Kai Cenat reclaim Twitch subscriber record,,neutral
Woman searching for birth parents found dad was a friend on Facebook,,neutral
Mother's 'terrible journey' to bedside of British woman poisoned in Laos,,neutral
Former My Chemical Romance drummer dies aged 44,,sadness
UN suspends aid deliveries through main Gaza crossing,,neutral
Newscast,,neutral
How Liverpool mixed best of Klopp & Slot to beat Man City,,neutral
Trump beats Hawkins to win second UK Championship crown,,neutral
Verstappen has 'lost all respect' for Russell,,neutral
Former world snooker champion Griffiths dies aged 77,,neutral
'I didn't expect that at Anfield' - Guardiola on 'sacked in the morning' chants,,neutral
Who has made Troy's Premier League team of the week?,,curiosity
Fiorentina's Bove in intensive care after collapse on pitch,,neutral
Holidaymaker killed in Turkey lift-shaft incident,,neutral
Scotland's Budget must not cap council tax rises - Cosla,,neutral
Students upset by sea deaths help rescue migrants,,neutral
Final seats to be filled in Irish general election,,neutral
French government teeters after PM Barnier forces through budget,,neutral
Months of political instability loom as French government nears collapse,,neutral
Gregg Wallace apologises for 'any offence caused' by middle-class women comments,,neutral
Queen Camilla to miss start of Qatari state visit after chest infection,,neutral
Ukraine’s exhausted troops in Russia told to cling on and wait for Trump,,neutral
Fianna Fáil emerges as largest party in Irish election,,neutral
Vietnamese tycoon in race to raise $9bn to avoid execution,,neutral
Covid corruption commissioner starts fraud probe,,neutral
Tragedy chanting arrests at Liverpool v Man City ,,neutral
Israel strikes Lebanon as Hezbollah targets military post,,neutral
Starmer: UK does not need to choose between US and EU,,neutral
Georgia’s moment of truth: Protesters demand Western path not Russian past,,neutral
BBC hears of horror and hunger in rare visit to Darfur massacre town,,fear
What is happening in north-western Syria and why now?,,curiosity
'I thought kidney failure meant I'd never be a mum',,neutral
"I've been treated like dung, says oldest Post Office victim",,neutral
Jacob Rees-Mogg: Ex-politician says reality show a 'calculated risk',,neutral
Should you pay more for parking if you have a big car?,,curiosity
Who is new Cabinet Secretary Chris Wormald?,,curiosity
"Michelin chef 'gutted' at theft of 2,500 pies",,neutral
"Huge sinkhole is still growing, council leader warns",,neutral
"Small boat crossings hit 20,000 since Labour won election",,neutral
Man jailed for murdering girlfriend he set on fire,,neutral
Neighbours' Harold Bishop actor reveals he has terminal cancer,,neutral
Australian police seize $500m of cocaine after boat breaks down,,neutral
Gregg Wallace apologises for 'middle-class women' comment,,neutral
Americanswers… on 5 Live! Why has Joe Biden pardoned his son?,,curiosity
Arsenal host holders Man Utd in FA Cup third round,,neutral
'It hurt I had to leave' - Van Nistelrooy reveals Man Utd pain,,sadness
Six Nations rebrand gets mixed reception from fans,,disapproval
Dundee derby & Celtic v Kilmarnock in Scottish Cup ,,neutral
Sutton's predictions v The Slow Readers Club bassist James Ryan,,neutral
Morsy did not wear rainbow armband because of 'religious beliefs',,neutral
Life term for boy who shot mum dead through door,,neutral
NHS Grampian was warned of 'intolerable risk',,neutral
"Back budget or Wales could lose £1bn, FM warns",,neutral
"Teacher's pay rise simply impossible, says minister",,neutral
'Groping' and 'touching': Fresh claims against Gregg Wallace,,neutral
Why these Israeli men volunteered to fight - but now refuse to return to Gaza,,curiosity
Analysis: Israeli and Hezbollah strikes test limits of ceasefire,,neutral
King hails Qatar's peace efforts - and banquet menu revealed,,neutral
'I worry every second': Mother of only British hostage in Gaza fears for her life,,fear
Art showcasing Scottish Sikh community wins Turner Prize,,neutral
Killer in femicide that shocked Italy sentenced to life in jail,,surprise
'Pickling a cucumber changed my life' says TikTok award winner,,neutral
Three rail firms to be renationalised next year,,neutral
British band Sports Team robbed at gunpoint on US tour,,neutral
Thomas Kingston took life after reaction to medication,,neutral
Crowds celebrate as South Korean president withdraws troops,,joy
'It feels like a coup d'état' - martial law chaos sparks worry in South Korea,,fear
Watch: Protesters take to the streets outside parliament,,neutral
Why has this happened now?,,curiosity
Why has an additive called Bovaer sparked controversy online?,,curiosity
Sharon Stone’s tearful message to her younger self,,neutral
"AI won't replace humans making games, PlayStation boss says",,neutral
Watch: How Jaguar has shifted gears with its concept car,,neutral
"Inside Aleppo: Family reunions, nervousness at rebel rule and fear of war",,nervousness
Why is vintage audio equipment booming?,,curiosity
"Russian spies surveilled Ukrainian troops at US base, trial hears",,neutral
"Massive Elon Musk donation news to me, says Farage",,neutral
"Top chef's 2,500 pies 'a write off' after van theft",,neutral
Stalking victims to get right to know abuser's identity,,neutral
US woman admits drink-driving in crash that killed bride on wedding day,,neutral
Migrants brought to UK from remote military island,,neutral
"Letby was face of hospital campaign, inquiry told",,neutral
Martial Law in South Korea,,neutral
Who are the rebels threatening Assad's grip on Syria?,,curiosity
Scotland's golden generation miss their golden hour,,neutral
Is Clinton pushing for England start at Euro 2025?,,curiosity
FIA seeks rule changes after president allegations,,neutral
Highlights: Wales make history in Dublin,,neutral
Gang jailed over £200m of cocaine in banana boxes,,neutral
Scottish Budget presents huge challenges for SNP,,neutral
Celebrations as Wales make history qualifying for Euros,,neutral
School tells Muslim girls it’s ‘not safe’ for them,,neutral
